ID,Family,Meaning RU,Scope,Master status,Variants,Sizes,Touch target,Accessible name,Overlays,Motion,License,Owner decision
pi-navigation-chats,navigation,Чаты,D0 semantic requirement,NOT_CREATED,outline; active if stateful; filled only if justified in D2,optical sizes TBD D2; current UI baseline 22px,D2 specification; audit candidate minimum 44x44 CSS px,Чаты,only relevant unread/status; placement TBD D2,static required; morph only same semantic control,original master required; TEMP must retain source/license,PENDING
pi-navigation-tasks,navigation,Дела,D0 semantic requirement,NOT_CREATED,outline; active if stateful; filled only if justified in D2,optical sizes TBD D2; current UI baseline 22px,D2 specification; audit candidate minimum 44x44 CSS px,Дела,only relevant unread/status; placement TBD D2,static required; morph only same semantic control,original master required; TEMP must retain source/license,PENDING
pi-navigation-you,navigation,Вы,D0 semantic requirement,NOT_CREATED,outline; active if stateful; filled only if justified in D2,optical sizes TBD D2; current UI baseline 22px,D2 specification; audit candidate minimum 44x44 CSS px,Вы,only relevant unread/status; placement TBD D2,static required; morph only same semantic control,original master required; TEMP must retain source/license,PENDING
pi-navigation-back,navigation,Назад,D0 semantic requirement,NOT_CREATED,outline; active if stateful; filled only if justified in D2,optical sizes TBD D2; current UI baseline 22px,D2 specification; audit candidate minimum 44x44 CSS px,Назад,only relevant unread/status; placement TBD D2,static required; morph only same semantic control,original master required; TEMP must retain source/license,PENDING
pi-navigation-close,navigation,Закрыть,D0 semantic requirement,NOT_CREATED,outline; active if stateful; filled only if justified in D2,optical sizes TBD D2; current UI baseline 22px,D2 specification; audit candidate minimum 44x44 CSS px,Закрыть,only relevant unread/status; placement TBD D2,static required; morph only same semantic control,original master required; TEMP must retain source/license,PENDING
pi-navigation-forward,navigation,Вперёд,D0 semantic requirement,NOT_CREATED,outline; active if stateful; filled only if justified in D2,optical sizes TBD D2; current UI baseline 22px,D2 specification; audit candidate minimum 44x44 CSS px,Вперёд,only relevant unread/status; placement TBD D2,static required; morph only same semantic control,original master required; TEMP must retain source/license,PENDING
pi-navigation-chevron-down,navigation,Раскрыть,D0 semantic requirement,NOT_CREATED,outline; active if stateful; filled only if justified in D2,optical sizes TBD D2; current UI baseline 22px,D2 specification; audit candidate minimum 44x44 CSS px,Раскрыть,only relevant unread/status; placement TBD D2,static required; morph only same semantic control,original master required; TEMP must retain source/license,PENDING
pi-navigation-chevron-up,navigation,Свернуть,D0 semantic requirement,NOT_CREATED,outline; active if stateful; filled only if justified in D2,optical sizes TBD D2; current UI baseline 22px,D2 specification; audit candidate minimum 44x44 CSS px,Свернуть,only relevant unread/status; placement TBD D2,static required; morph only same semantic control,original master required; TEMP must retain source/license,PENDING
pi-navigation-menu,navigation,Меню,D0 semantic requirement,NOT_CREATED,outline; active if stateful; filled only if justified in D2,optical sizes TBD D2; current UI baseline 22px,D2 specification; audit candidate minimum 44x44 CSS px,Меню,only relevant unread/status; placement TBD D2,static required; morph only same semantic control,original master required; TEMP must retain source/license,PENDING
pi-navigation-more,navigation,Другие действия,D0 semantic requirement,NOT_CREATED,outline; active if stateful; filled only if justified in D2,optical sizes TBD D2; current UI baseline 22px,D2 specification; audit candidate minimum 44x44 CSS px,Другие действия,only relevant unread/status; placement TBD D2,static required; morph only same semantic control,original master required; TEMP must retain source/license,PENDING
pi-navigation-search,navigation,Поиск,D0 semantic requirement,NOT_CREATED,outline; active if stateful; filled only if justified in D2,optical sizes TBD D2; current UI baseline 22px,D2 specification; audit candidate minimum 44x44 CSS px,Поиск,only relevant unread/status; placement TBD D2,static required; morph only same semantic control,original master required; TEMP must retain source/license,PENDING
pi-navigation-filter,navigation,Фильтр,D0 semantic requirement,NOT_CREATED,outline; active if stateful; filled only if justified in D2,optical sizes TBD D2; current UI baseline 22px,D2 specification; audit candidate minimum 44x44 CSS px,Фильтр,only relevant unread/status; placement TBD D2,static required; morph only same semantic control,original master required; TEMP must retain source/license,PENDING
pi-navigation-sort,navigation,Сортировка,D0 semantic requirement,NOT_CREATED,outline; active if stateful; filled only if justified in D2,optical sizes TBD D2; current UI baseline 22px,D2 specification; audit candidate minimum 44x44 CSS px,Сортировка,only relevant unread/status; placement TBD D2,static required; morph only same semantic control,original master required; TEMP must retain source/license,PENDING
pi-navigation-space-switch,navigation,Сменить пространство,D0 semantic requirement,NOT_CREATED,outline; active if stateful; filled only if justified in D2,optical sizes TBD D2; current UI baseline 22px,D2 specification; audit candidate minimum 44x44 CSS px,Сменить пространство,only relevant unread/status; placement TBD D2,static required; morph only same semantic control,original master required; TEMP must retain source/license,PENDING
pi-navigation-external-link,navigation,Открыть вне Pablicus,D0 semantic requirement,NOT_CREATED,outline; active if stateful; filled only if justified in D2,optical sizes TBD D2; current UI baseline 22px,D2 specification; audit candidate minimum 44x44 CSS px,Открыть вне Pablicus,only relevant unread/status; placement TBD D2,static required; morph only same semantic control,original master required; TEMP must retain source/license,PENDING
pi-navigation-fullscreen,navigation,Полный экран,D0 semantic requirement,NOT_CREATED,outline; active if stateful; filled only if justified in D2,optical sizes TBD D2; current UI baseline 22px,D2 specification; audit candidate minimum 44x44 CSS px,Полный экран,only relevant unread/status; placement TBD D2,static required; morph only same semantic control,original master required; TEMP must retain source/license,PENDING
pi-navigation-restore,navigation,Вернуть размер,D0 semantic requirement,NOT_CREATED,outline; active if stateful; filled only if justified in D2,optical sizes TBD D2; current UI baseline 22px,D2 specification; audit candidate minimum 44x44 CSS px,Вернуть размер,only relevant unread/status; placement TBD D2,static required; morph only same semantic control,original master required; TEMP must retain source/license,PENDING
pi-navigation-side-panel,navigation,Боковая панель,D0 semantic requirement,NOT_CREATED,outline; active if stateful; filled only if justified in D2,optical sizes TBD D2; current UI baseline 22px,D2 specification; audit candidate minimum 44x44 CSS px,Боковая панель,only relevant unread/status; placement TBD D2,static required; morph only same semantic control,original master required; TEMP must retain source/license,PENDING
pi-communication-conversation-new,communication,Новый разговор,D0 semantic requirement,NOT_CREATED,outline; active if stateful; filled only if justified in D2,optical sizes TBD D2; current UI baseline 22px,D2 specification; audit candidate minimum 44x44 CSS px,Новый разговор,only relevant unread/status; placement TBD D2,static required; morph only same semantic control,original master required; TEMP must retain source/license,PENDING
pi-communication-private-chat,communication,Личный разговор,D0 semantic requirement,NOT_CREATED,outline; active if stateful; filled only if justified in D2,optical sizes TBD D2; current UI baseline 22px,D2 specification; audit candidate minimum 44x44 CSS px,Личный разговор,only relevant unread/status; placement TBD D2,static required; morph only same semantic control,original master required; TEMP must retain source/license,PENDING
pi-communication-group-chat,communication,Группа,D0 semantic requirement,NOT_CREATED,outline; active if stateful; filled only if justified in D2,optical sizes TBD D2; current UI baseline 22px,D2 specification; audit candidate minimum 44x44 CSS px,Группа,only relevant unread/status; placement TBD D2,static required; morph only same semantic control,original master required; TEMP must retain source/license,PENDING
pi-communication-thread,communication,Ветка,D0 semantic requirement,NOT_CREATED,outline; active if stateful; filled only if justified in D2,optical sizes TBD D2; current UI baseline 22px,D2 specification; audit candidate minimum 44x44 CSS px,Ветка,only relevant unread/status; placement TBD D2,static required; morph only same semantic control,original master required; TEMP must retain source/license,PENDING
pi-communication-topic,communication,Тема,D0 semantic requirement,NOT_CREATED,outline; active if stateful; filled only if justified in D2,optical sizes TBD D2; current UI baseline 22px,D2 specification; audit candidate minimum 44x44 CSS px,Тема,only relevant unread/status; placement TBD D2,static required; morph only same semantic control,original master required; TEMP must retain source/license,PENDING
pi-communication-reply,communication,Ответить,D0 semantic requirement,NOT_CREATED,outline; active if stateful; filled only if justified in D2,optical sizes TBD D2; current UI baseline 22px,D2 specification; audit candidate minimum 44x44 CSS px,Ответить,only relevant unread/status; placement TBD D2,static required; morph only same semantic control,original master required; TEMP must retain source/license,PENDING
pi-communication-forward-message,communication,Переслать,D0 semantic requirement,NOT_CREATED,outline; active if stateful; filled only if justified in D2,optical sizes TBD D2; current UI baseline 22px,D2 specification; audit candidate minimum 44x44 CSS px,Переслать,only relevant unread/status; placement TBD D2,static required; morph only same semantic control,original master required; TEMP must retain source/license,PENDING
pi-communication-quote,communication,Цитировать,D0 semantic requirement,NOT_CREATED,outline; active if stateful; filled only if justified in D2,optical sizes TBD D2; current UI baseline 22px,D2 specification; audit candidate minimum 44x44 CSS px,Цитировать,only relevant unread/status; placement TBD D2,static required; morph only same semantic control,original master required; TEMP must retain source/license,PENDING
pi-communication-reaction,communication,Реакция,D0 semantic requirement,NOT_CREATED,outline; active if stateful; filled only if justified in D2,optical sizes TBD D2; current UI baseline 22px,D2 specification; audit candidate minimum 44x44 CSS px,Реакция,only relevant unread/status; placement TBD D2,static required; morph only same semantic control,original master required; TEMP must retain source/license,PENDING
pi-communication-mention,communication,Упоминание,D0 semantic requirement,NOT_CREATED,outline; active if stateful; filled only if justified in D2,optical sizes TBD D2; current UI baseline 22px,D2 specification; audit candidate minimum 44x44 CSS px,Упоминание,only relevant unread/status; placement TBD D2,static required; morph only same semantic control,original master required; TEMP must retain source/license,PENDING
pi-communication-pin,communication,Закрепить,D0 semantic requirement,NOT_CREATED,outline; active if stateful; filled only if justified in D2,optical sizes TBD D2; current UI baseline 22px,D2 specification; audit candidate minimum 44x44 CSS px,Закрепить,only relevant unread/status; placement TBD D2,static required; morph only same semantic control,original master required; TEMP must retain source/license,PENDING
pi-communication-unpin,communication,Открепить,D0 semantic requirement,NOT_CREATED,outline; active if stateful; filled only if justified in D2,optical sizes TBD D2; current UI baseline 22px,D2 specification; audit candidate minimum 44x44 CSS px,Открепить,only relevant unread/status; placement TBD D2,static required; morph only same semantic control,original master required; TEMP must retain source/license,PENDING
pi-communication-focus,communication,Фокус,D0 semantic requirement,NOT_CREATED,outline; active if stateful; filled only if justified in D2,optical sizes TBD D2; current UI baseline 22px,D2 specification; audit candidate minimum 44x44 CSS px,Фокус,only relevant unread/status; placement TBD D2,static required; morph only same semantic control,original master required; TEMP must retain source/license,PENDING
pi-communication-mute,communication,Отключить звук,D0 semantic requirement,NOT_CREATED,outline; active if stateful; filled only if justified in D2,optical sizes TBD D2; current UI baseline 22px,D2 specification; audit candidate minimum 44x44 CSS px,Отключить звук,only relevant unread/status; placement TBD D2,static required; morph only same semantic control,original master required; TEMP must retain source/license,PENDING
pi-communication-unmute,communication,Включить звук,D0 semantic requirement,NOT_CREATED,outline; active if stateful; filled only if justified in D2,optical sizes TBD D2; current UI baseline 22px,D2 specification; audit candidate minimum 44x44 CSS px,Включить звук,only relevant unread/status; placement TBD D2,static required; morph only same semantic control,original master required; TEMP must retain source/license,PENDING
pi-communication-unread,communication,Непрочитанное,D0 semantic requirement,NOT_CREATED,outline; active if stateful; filled only if justified in D2,optical sizes TBD D2; current UI baseline 22px,D2 specification; audit candidate minimum 44x44 CSS px,Непрочитанное,only relevant unread/status; placement TBD D2,static required; morph only same semantic control,original master required; TEMP must retain source/license,PENDING
pi-communication-jump-latest,communication,Последнее сообщение,D0 semantic requirement,NOT_CREATED,outline; active if stateful; filled only if justified in D2,optical sizes TBD D2; current UI baseline 22px,D2 specification; audit candidate minimum 44x44 CSS px,Последнее сообщение,only relevant unread/status; placement TBD D2,static required; morph only same semantic control,original master required; TEMP must retain source/license,PENDING
pi-communication-history,communication,История,D0 semantic requirement,NOT_CREATED,outline; active if stateful; filled only if justified in D2,optical sizes TBD D2; current UI baseline 22px,D2 specification; audit candidate minimum 44x44 CSS px,История,only relevant unread/status; placement TBD D2,static required; morph only same semantic control,original master required; TEMP must retain source/license,PENDING
pi-communication-outbox,communication,Исходящие,D0 semantic requirement,NOT_CREATED,outline; active if stateful; filled only if justified in D2,optical sizes TBD D2; current UI baseline 22px,D2 specification; audit candidate minimum 44x44 CSS px,Исходящие,only relevant unread/status; placement TBD D2,static required; morph only same semantic control,original master required; TEMP must retain source/license,PENDING
pi-communication-sent,communication,Отправлено,D0 semantic requirement,NOT_CREATED,outline; active if stateful; filled only if justified in D2,optical sizes TBD D2; current UI baseline 22px,D2 specification; audit candidate minimum 44x44 CSS px,Отправлено,only relevant unread/status; placement TBD D2,static required; morph only same semantic control,original master required; TEMP must retain source/license,PENDING
pi-communication-delivered,communication,Доставлено,D0 semantic requirement,NOT_CREATED,outline; active if stateful; filled only if justified in D2,optical sizes TBD D2; current UI baseline 22px,D2 specification; audit candidate minimum 44x44 CSS px,Доставлено,only relevant unread/status; placement TBD D2,static required; morph only same semantic control,original master required; TEMP must retain source/license,PENDING
pi-communication-read,communication,Прочитано,D0 semantic requirement,NOT_CREATED,outline; active if stateful; filled only if justified in D2,optical sizes TBD D2; current UI baseline 22px,D2 specification; audit candidate minimum 44x44 CSS px,Прочитано,only relevant unread/status; placement TBD D2,static required; morph only same semantic control,original master required; TEMP must retain source/license,PENDING
pi-composer-add,composer,Добавить,D0 semantic requirement,NOT_CREATED,outline; active if stateful; filled only if justified in D2,optical sizes TBD D2; current UI baseline 22px,D2 specification; audit candidate minimum 44x44 CSS px,Добавить,only relevant unread/status; placement TBD D2,static required; morph only same semantic control,original master required; TEMP must retain source/license,PENDING
pi-composer-attach,composer,Вложить,D0 semantic requirement,NOT_CREATED,outline; active if stateful; filled only if justified in D2,optical sizes TBD D2; current UI baseline 22px,D2 specification; audit candidate minimum 44x44 CSS px,Вложить,only relevant unread/status; placement TBD D2,static required; morph only same semantic control,original master required; TEMP must retain source/license,PENDING
pi-composer-send,composer,Отправить,D0 semantic requirement,NOT_CREATED,outline; active if stateful; filled only if justified in D2,optical sizes TBD D2; current UI baseline 22px,D2 specification; audit candidate minimum 44x44 CSS px,Отправить,only relevant unread/status; placement TBD D2,static required; morph only same semantic control,original master required; TEMP must retain source/license,PENDING
pi-composer-keyboard-hide,composer,Скрыть клавиатуру,D0 semantic requirement,NOT_CREATED,outline; active if stateful; filled only if justified in D2,optical sizes TBD D2; current UI baseline 22px,D2 specification; audit candidate minimum 44x44 CSS px,Скрыть клавиатуру,only relevant unread/status; placement TBD D2,static required; morph only same semantic control,original master required; TEMP must retain source/license,PENDING
pi-composer-command,composer,Команда,D0 semantic requirement,NOT_CREATED,outline; active if stateful; filled only if justified in D2,optical sizes TBD D2; current UI baseline 22px,D2 specification; audit candidate minimum 44x44 CSS px,Команда,only relevant unread/status; placement TBD D2,static required; morph only same semantic control,original master required; TEMP must retain source/license,PENDING
pi-composer-bold,composer,Жирный,D0 semantic requirement,NOT_CREATED,outline; active if stateful; filled only if justified in D2,optical sizes TBD D2; current UI baseline 22px,D2 specification; audit candidate minimum 44x44 CSS px,Жирный,only relevant unread/status; placement TBD D2,static required; morph only same semantic control,original master required; TEMP must retain source/license,PENDING
pi-composer-italic,composer,Курсив,D0 semantic requirement,NOT_CREATED,outline; active if stateful; filled only if justified in D2,optical sizes TBD D2; current UI baseline 22px,D2 specification; audit candidate minimum 44x44 CSS px,Курсив,only relevant unread/status; placement TBD D2,static required; morph only same semantic control,original master required; TEMP must retain source/license,PENDING
pi-composer-underline,composer,Подчёркивание,D0 semantic requirement,NOT_CREATED,outline; active if stateful; filled only if justified in D2,optical sizes TBD D2; current UI baseline 22px,D2 specification; audit candidate minimum 44x44 CSS px,Подчёркивание,only relevant unread/status; placement TBD D2,static required; morph only same semantic control,original master required; TEMP must retain source/license,PENDING
pi-composer-heading,composer,Заголовок,D0 semantic requirement,NOT_CREATED,outline; active if stateful; filled only if justified in D2,optical sizes TBD D2; current UI baseline 22px,D2 specification; audit candidate minimum 44x44 CSS px,Заголовок,only relevant unread/status; placement TBD D2,static required; morph only same semantic control,original master required; TEMP must retain source/license,PENDING
pi-composer-bullets,composer,Список,D0 semantic requirement,NOT_CREATED,outline; active if stateful; filled only if justified in D2,optical sizes TBD D2; current UI baseline 22px,D2 specification; audit candidate minimum 44x44 CSS px,Список,only relevant unread/status; placement TBD D2,static required; morph only same semantic control,original master required; TEMP must retain source/license,PENDING
pi-composer-numbered-list,composer,Нумерованный список,D0 semantic requirement,NOT_CREATED,outline; active if stateful; filled only if justified in D2,optical sizes TBD D2; current UI baseline 22px,D2 specification; audit candidate minimum 44x44 CSS px,Нумерованный список,only relevant unread/status; placement TBD D2,static required; morph only same semantic control,original master required; TEMP must retain source/license,PENDING
pi-composer-table,composer,Таблица,D0 semantic requirement,NOT_CREATED,outline; active if stateful; filled only if justified in D2,optical sizes TBD D2; current UI baseline 22px,D2 specification; audit candidate minimum 44x44 CSS px,Таблица,only relevant unread/status; placement TBD D2,static required; morph only same semantic control,original master required; TEMP must retain source/license,PENDING
pi-composer-code,composer,Код,D0 semantic requirement,NOT_CREATED,outline; active if stateful; filled only if justified in D2,optical sizes TBD D2; current UI baseline 22px,D2 specification; audit candidate minimum 44x44 CSS px,Код,only relevant unread/status; placement TBD D2,static required; morph only same semantic control,original master required; TEMP must retain source/license,PENDING
pi-composer-link,composer,Ссылка,D0 semantic requirement,NOT_CREATED,outline; active if stateful; filled only if justified in D2,optical sizes TBD D2; current UI baseline 22px,D2 specification; audit candidate minimum 44x44 CSS px,Ссылка,only relevant unread/status; placement TBD D2,static required; morph only same semantic control,original master required; TEMP must retain source/license,PENDING
pi-composer-unlink,composer,Убрать ссылку,D0 semantic requirement,NOT_CREATED,outline; active if stateful; filled only if justified in D2,optical sizes TBD D2; current UI baseline 22px,D2 specification; audit candidate minimum 44x44 CSS px,Убрать ссылку,only relevant unread/status; placement TBD D2,static required; morph only same semantic control,original master required; TEMP must retain source/license,PENDING
pi-composer-undo,composer,Отменить,D0 semantic requirement,NOT_CREATED,outline; active if stateful; filled only if justified in D2,optical sizes TBD D2; current UI baseline 22px,D2 specification; audit candidate minimum 44x44 CSS px,Отменить,only relevant unread/status; placement TBD D2,static required; morph only same semantic control,original master required; TEMP must retain source/license,PENDING
pi-composer-redo,composer,Повторить,D0 semantic requirement,NOT_CREATED,outline; active if stateful; filled only if justified in D2,optical sizes TBD D2; current UI baseline 22px,D2 specification; audit candidate minimum 44x44 CSS px,Повторить,only relevant unread/status; placement TBD D2,static required; morph only same semantic control,original master required; TEMP must retain source/license,PENDING
pi-composer-clear,composer,Очистить,D0 semantic requirement,NOT_CREATED,outline; active if stateful; filled only if justified in D2,optical sizes TBD D2; current UI baseline 22px,D2 specification; audit candidate minimum 44x44 CSS px,Очистить,only relevant unread/status; placement TBD D2,static required; morph only same semantic control,original master required; TEMP must retain source/license,PENDING
pi-composer-record,composer,Записать голос,D0 semantic requirement,NOT_CREATED,outline; active if stateful; filled only if justified in D2,optical sizes TBD D2; current UI baseline 22px,D2 specification; audit candidate minimum 44x44 CSS px,Записать голос,only relevant unread/status; placement TBD D2,static required; morph only same semantic control,original master required; TEMP must retain source/license,PENDING
pi-composer-stop-recording,composer,Остановить запись,D0 semantic requirement,NOT_CREATED,outline; active if stateful; filled only if justified in D2,optical sizes TBD D2; current UI baseline 22px,D2 specification; audit candidate minimum 44x44 CSS px,Остановить запись,only relevant unread/status; placement TBD D2,static required; morph only same semantic control,original master required; TEMP must retain source/license,PENDING
pi-composer-reorder,composer,Изменить порядок,D0 semantic requirement,NOT_CREATED,outline; active if stateful; filled only if justified in D2,optical sizes TBD D2; current UI baseline 22px,D2 specification; audit candidate minimum 44x44 CSS px,Изменить порядок,only relevant unread/status; placement TBD D2,static required; morph only same semantic control,original master required; TEMP must retain source/license,PENDING
pi-media-image,media,Изображение,D0 semantic requirement,NOT_CREATED,outline; active if stateful; filled only if justified in D2,optical sizes TBD D2; current UI baseline 22px,D2 specification; audit candidate minimum 44x44 CSS px,Изображение,only relevant unread/status; placement TBD D2,static required; morph only same semantic control,original master required; TEMP must retain source/license,PENDING
pi-media-camera,media,Камера,D0 semantic requirement,NOT_CREATED,outline; active if stateful; filled only if justified in D2,optical sizes TBD D2; current UI baseline 22px,D2 specification; audit candidate minimum 44x44 CSS px,Камера,only relevant unread/status; placement TBD D2,static required; morph only same semantic control,original master required; TEMP must retain source/license,PENDING
pi-media-video,media,Видео,D0 semantic requirement,NOT_CREATED,outline; active if stateful; filled only if justified in D2,optical sizes TBD D2; current UI baseline 22px,D2 specification; audit candidate minimum 44x44 CSS px,Видео,only relevant unread/status; placement TBD D2,static required; morph only same semantic control,original master required; TEMP must retain source/license,PENDING
pi-media-audio,media,Аудио,D0 semantic requirement,NOT_CREATED,outline; active if stateful; filled only if justified in D2,optical sizes TBD D2; current UI baseline 22px,D2 specification; audit candidate minimum 44x44 CSS px,Аудио,only relevant unread/status; placement TBD D2,static required; morph only same semantic control,original master required; TEMP must retain source/license,PENDING
pi-media-file,media,Файл,D0 semantic requirement,NOT_CREATED,outline; active if stateful; filled only if justified in D2,optical sizes TBD D2; current UI baseline 22px,D2 specification; audit candidate minimum 44x44 CSS px,Файл,only relevant unread/status; placement TBD D2,static required; morph only same semantic control,original master required; TEMP must retain source/license,PENDING
pi-media-document,media,Документ,D0 semantic requirement,NOT_CREATED,outline; active if stateful; filled only if justified in D2,optical sizes TBD D2; current UI baseline 22px,D2 specification; audit candidate minimum 44x44 CSS px,Документ,only relevant unread/status; placement TBD D2,static required; morph only same semantic control,original master required; TEMP must retain source/license,PENDING
pi-media-pdf,media,PDF,D0 semantic requirement,NOT_CREATED,outline; active if stateful; filled only if justified in D2,optical sizes TBD D2; current UI baseline 22px,D2 specification; audit candidate minimum 44x44 CSS px,PDF,only relevant unread/status; placement TBD D2,static required; morph only same semantic control,original master required; TEMP must retain source/license,PENDING
pi-media-upload,media,Загрузить,D0 semantic requirement,NOT_CREATED,outline; active if stateful; filled only if justified in D2,optical sizes TBD D2; current UI baseline 22px,D2 specification; audit candidate minimum 44x44 CSS px,Загрузить,only relevant unread/status; placement TBD D2,static required; morph only same semantic control,original master required; TEMP must retain source/license,PENDING
pi-media-download,media,Скачать,D0 semantic requirement,NOT_CREATED,outline; active if stateful; filled only if justified in D2,optical sizes TBD D2; current UI baseline 22px,D2 specification; audit candidate minimum 44x44 CSS px,Скачать,only relevant unread/status; placement TBD D2,static required; morph only same semantic control,original master required; TEMP must retain source/license,PENDING
pi-media-play,media,Воспроизвести,D0 semantic requirement,NOT_CREATED,outline; active if stateful; filled only if justified in D2,optical sizes TBD D2; current UI baseline 22px,D2 specification; audit candidate minimum 44x44 CSS px,Воспроизвести,only relevant unread/status; placement TBD D2,static required; morph only same semantic control,original master required; TEMP must retain source/license,PENDING
pi-media-pause,media,Пауза,D0 semantic requirement,NOT_CREATED,outline; active if stateful; filled only if justified in D2,optical sizes TBD D2; current UI baseline 22px,D2 specification; audit candidate minimum 44x44 CSS px,Пауза,only relevant unread/status; placement TBD D2,static required; morph only same semantic control,original master required; TEMP must retain source/license,PENDING
pi-media-stop,media,Стоп,D0 semantic requirement,NOT_CREATED,outline; active if stateful; filled only if justified in D2,optical sizes TBD D2; current UI baseline 22px,D2 specification; audit candidate minimum 44x44 CSS px,Стоп,only relevant unread/status; placement TBD D2,static required; morph only same semantic control,original master required; TEMP must retain source/license,PENDING
pi-media-volume,media,Громкость,D0 semantic requirement,NOT_CREATED,outline; active if stateful; filled only if justified in D2,optical sizes TBD D2; current UI baseline 22px,D2 specification; audit candidate minimum 44x44 CSS px,Громкость,only relevant unread/status; placement TBD D2,static required; morph only same semantic control,original master required; TEMP must retain source/license,PENDING
pi-media-volume-off,media,Без звука,D0 semantic requirement,NOT_CREATED,outline; active if stateful; filled only if justified in D2,optical sizes TBD D2; current UI baseline 22px,D2 specification; audit candidate minimum 44x44 CSS px,Без звука,only relevant unread/status; placement TBD D2,static required; morph only same semantic control,original master required; TEMP must retain source/license,PENDING
pi-media-seek-back,media,Назад по записи,D0 semantic requirement,NOT_CREATED,outline; active if stateful; filled only if justified in D2,optical sizes TBD D2; current UI baseline 22px,D2 specification; audit candidate minimum 44x44 CSS px,Назад по записи,only relevant unread/status; placement TBD D2,static required; morph only same semantic control,original master required; TEMP must retain source/license,PENDING
pi-media-seek-forward,media,Вперёд по записи,D0 semantic requirement,NOT_CREATED,outline; active if stateful; filled only if justified in D2,optical sizes TBD D2; current UI baseline 22px,D2 specification; audit candidate minimum 44x44 CSS px,Вперёд по записи,only relevant unread/status; placement TBD D2,static required; morph only same semantic control,original master required; TEMP must retain source/license,PENDING
pi-media-scan,media,Сканировать,D0 semantic requirement,NOT_CREATED,outline; active if stateful; filled only if justified in D2,optical sizes TBD D2; current UI baseline 22px,D2 specification; audit candidate minimum 44x44 CSS px,Сканировать,only relevant unread/status; placement TBD D2,static required; morph only same semantic control,original master required; TEMP must retain source/license,PENDING
pi-media-zoom-in,media,Приблизить,D0 semantic requirement,NOT_CREATED,outline; active if stateful; filled only if justified in D2,optical sizes TBD D2; current UI baseline 22px,D2 specification; audit candidate minimum 44x44 CSS px,Приблизить,only relevant unread/status; placement TBD D2,static required; morph only same semantic control,original master required; TEMP must retain source/license,PENDING
pi-media-zoom-out,media,Отдалить,D0 semantic requirement,NOT_CREATED,outline; active if stateful; filled only if justified in D2,optical sizes TBD D2; current UI baseline 22px,D2 specification; audit candidate minimum 44x44 CSS px,Отдалить,only relevant unread/status; placement TBD D2,static required; morph only same semantic control,original master required; TEMP must retain source/license,PENDING
pi-media-rotate,media,Повернуть,D0 semantic requirement,NOT_CREATED,outline; active if stateful; filled only if justified in D2,optical sizes TBD D2; current UI baseline 22px,D2 specification; audit candidate minimum 44x44 CSS px,Повернуть,only relevant unread/status; placement TBD D2,static required; morph only same semantic control,original master required; TEMP must retain source/license,PENDING
pi-media-captions,media,Субтитры,D0 semantic requirement,NOT_CREATED,outline; active if stateful; filled only if justified in D2,optical sizes TBD D2; current UI baseline 22px,D2 specification; audit candidate minimum 44x44 CSS px,Субтитры,only relevant unread/status; placement TBD D2,static required; morph only same semantic control,original master required; TEMP must retain source/license,PENDING
pi-media-transcript,media,Расшифровка,D0 semantic requirement,NOT_CREATED,outline; active if stateful; filled only if justified in D2,optical sizes TBD D2; current UI baseline 22px,D2 specification; audit candidate minimum 44x44 CSS px,Расшифровка,only relevant unread/status; placement TBD D2,static required; morph only same semantic control,original master required; TEMP must retain source/license,PENDING
pi-media-trim,media,Обрезать,D0 semantic requirement,NOT_CREATED,outline; active if stateful; filled only if justified in D2,optical sizes TBD D2; current UI baseline 22px,D2 specification; audit candidate minimum 44x44 CSS px,Обрезать,only relevant unread/status; placement TBD D2,static required; morph only same semantic control,original master required; TEMP must retain source/license,PENDING
pi-media-timeline,media,Монтаж,D0 semantic requirement,NOT_CREATED,outline; active if stateful; filled only if justified in D2,optical sizes TBD D2; current UI baseline 22px,D2 specification; audit candidate minimum 44x44 CSS px,Монтаж,only relevant unread/status; placement TBD D2,static required; morph only same semantic control,original master required; TEMP must retain source/license,PENDING
pi-media-render,media,Рендер,D0 semantic requirement,NOT_CREATED,outline; active if stateful; filled only if justified in D2,optical sizes TBD D2; current UI baseline 22px,D2 specification; audit candidate minimum 44x44 CSS px,Рендер,only relevant unread/status; placement TBD D2,static required; morph only same semantic control,original master required; TEMP must retain source/license,PENDING
pi-media-output-verified,media,Результат проверен,D0 semantic requirement,NOT_CREATED,outline; active if stateful; filled only if justified in D2,optical sizes TBD D2; current UI baseline 22px,D2 specification; audit candidate minimum 44x44 CSS px,Результат проверен,only relevant unread/status; placement TBD D2,static required; morph only same semantic control,original master required; TEMP must retain source/license,PENDING
pi-objects-canvas,objects,Полотно,D0 semantic requirement,NOT_CREATED,outline; active if stateful; filled only if justified in D2,optical sizes TBD D2; current UI baseline 22px,D2 specification; audit candidate minimum 44x44 CSS px,Полотно,only relevant unread/status; placement TBD D2,static required; morph only same semantic control,original master required; TEMP must retain source/license,PENDING
pi-objects-work-object,objects,Рабочий объект,D0 semantic requirement,NOT_CREATED,outline; active if stateful; filled only if justified in D2,optical sizes TBD D2; current UI baseline 22px,D2 specification; audit candidate minimum 44x44 CSS px,Рабочий объект,only relevant unread/status; placement TBD D2,static required; morph only same semantic control,original master required; TEMP must retain source/license,PENDING
pi-objects-project,objects,Проект,D0 semantic requirement,NOT_CREATED,outline; active if stateful; filled only if justified in D2,optical sizes TBD D2; current UI baseline 22px,D2 specification; audit candidate minimum 44x44 CSS px,Проект,only relevant unread/status; placement TBD D2,static required; morph only same semantic control,original master required; TEMP must retain source/license,PENDING
pi-objects-edit,objects,Редактировать,D0 semantic requirement,NOT_CREATED,outline; active if stateful; filled only if justified in D2,optical sizes TBD D2; current UI baseline 22px,D2 specification; audit candidate minimum 44x44 CSS px,Редактировать,only relevant unread/status; placement TBD D2,static required; morph only same semantic control,original master required; TEMP must retain source/license,PENDING
pi-objects-copy,objects,Копировать,D0 semantic requirement,NOT_CREATED,outline; active if stateful; filled only if justified in D2,optical sizes TBD D2; current UI baseline 22px,D2 specification; audit candidate minimum 44x44 CSS px,Копировать,only relevant unread/status; placement TBD D2,static required; morph only same semantic control,original master required; TEMP must retain source/license,PENDING
pi-objects-duplicate,objects,Создать копию,D0 semantic requirement,NOT_CREATED,outline; active if stateful; filled only if justified in D2,optical sizes TBD D2; current UI baseline 22px,D2 specification; audit candidate minimum 44x44 CSS px,Создать копию,only relevant unread/status; placement TBD D2,static required; morph only same semantic control,original master required; TEMP must retain source/license,PENDING
pi-objects-source,objects,Исходное сообщение,D0 semantic requirement,NOT_CREATED,outline; active if stateful; filled only if justified in D2,optical sizes TBD D2; current UI baseline 22px,D2 specification; audit candidate minimum 44x44 CSS px,Исходное сообщение,only relevant unread/status; placement TBD D2,static required; morph only same semantic control,original master required; TEMP must retain source/license,PENDING
pi-objects-revision,objects,Версия,D0 semantic requirement,NOT_CREATED,outline; active if stateful; filled only if justified in D2,optical sizes TBD D2; current UI baseline 22px,D2 specification; audit candidate minimum 44x44 CSS px,Версия,only relevant unread/status; placement TBD D2,static required; morph only same semantic control,original master required; TEMP must retain source/license,PENDING
pi-objects-diff,objects,Изменения,D0 semantic requirement,NOT_CREATED,outline; active if stateful; filled only if justified in D2,optical sizes TBD D2; current UI baseline 22px,D2 specification; audit candidate minimum 44x44 CSS px,Изменения,only relevant unread/status; placement TBD D2,static required; morph only same semantic control,original master required; TEMP must retain source/license,PENDING
pi-objects-comment,objects,Комментарий,D0 semantic requirement,NOT_CREATED,outline; active if stateful; filled only if justified in D2,optical sizes TBD D2; current UI baseline 22px,D2 specification; audit candidate minimum 44x44 CSS px,Комментарий,only relevant unread/status; placement TBD D2,static required; morph only same semantic control,original master required; TEMP must retain source/license,PENDING
pi-objects-collaborators,objects,Соавторы,D0 semantic requirement,NOT_CREATED,outline; active if stateful; filled only if justified in D2,optical sizes TBD D2; current UI baseline 22px,D2 specification; audit candidate minimum 44x44 CSS px,Соавторы,only relevant unread/status; placement TBD D2,static required; morph only same semantic control,original master required; TEMP must retain source/license,PENDING
pi-objects-lock-edit,objects,Только чтение,D0 semantic requirement,NOT_CREATED,outline; active if stateful; filled only if justified in D2,optical sizes TBD D2; current UI baseline 22px,D2 specification; audit candidate minimum 44x44 CSS px,Только чтение,only relevant unread/status; placement TBD D2,static required; morph only same semantic control,original master required; TEMP must retain source/license,PENDING
pi-objects-merge,objects,Объединить,D0 semantic requirement,NOT_CREATED,outline; active if stateful; filled only if justified in D2,optical sizes TBD D2; current UI baseline 22px,D2 specification; audit candidate minimum 44x44 CSS px,Объединить,only relevant unread/status; placement TBD D2,static required; morph only same semantic control,original master required; TEMP must retain source/license,PENDING
pi-objects-conflict,objects,Конфликт,D0 semantic requirement,NOT_CREATED,outline; active if stateful; filled only if justified in D2,optical sizes TBD D2; current UI baseline 22px,D2 specification; audit candidate minimum 44x44 CSS px,Конфликт,only relevant unread/status; placement TBD D2,static required; morph only same semantic control,original master required; TEMP must retain source/license,PENDING
pi-objects-save,objects,Сохранить,D0 semantic requirement,NOT_CREATED,outline; active if stateful; filled only if justified in D2,optical sizes TBD D2; current UI baseline 22px,D2 specification; audit candidate minimum 44x44 CSS px,Сохранить,only relevant unread/status; placement TBD D2,static required; morph only same semantic control,original master required; TEMP must retain source/license,PENDING
pi-objects-bookmark,objects,Сохранить в Избранное,D0 semantic requirement,NOT_CREATED,outline; active if stateful; filled only if justified in D2,optical sizes TBD D2; current UI baseline 22px,D2 specification; audit candidate minimum 44x44 CSS px,Сохранить в Избранное,only relevant unread/status; placement TBD D2,static required; morph only same semantic control,original master required; TEMP must retain source/license,PENDING
pi-objects-bookmark-remove,objects,Убрать из Избранного,D0 semantic requirement,NOT_CREATED,outline; active if stateful; filled only if justified in D2,optical sizes TBD D2; current UI baseline 22px,D2 specification; audit candidate minimum 44x44 CSS px,Убрать из Избранного,only relevant unread/status; placement TBD D2,static required; morph only same semantic control,original master required; TEMP must retain source/license,PENDING
pi-objects-personal-inbox,objects,Личные сохранения,D0 semantic requirement,NOT_CREATED,outline; active if stateful; filled only if justified in D2,optical sizes TBD D2; current UI baseline 22px,D2 specification; audit candidate minimum 44x44 CSS px,Личные сохранения,only relevant unread/status; placement TBD D2,static required; morph only same semantic control,original master required; TEMP must retain source/license,PENDING
pi-objects-note,objects,Заметка,D0 semantic requirement,NOT_CREATED,outline; active if stateful; filled only if justified in D2,optical sizes TBD D2; current UI baseline 22px,D2 specification; audit candidate minimum 44x44 CSS px,Заметка,only relevant unread/status; placement TBD D2,static required; morph only same semantic control,original master required; TEMP must retain source/license,PENDING
pi-objects-archive,objects,В архив,D0 semantic requirement,NOT_CREATED,outline; active if stateful; filled only if justified in D2,optical sizes TBD D2; current UI baseline 22px,D2 specification; audit candidate minimum 44x44 CSS px,В архив,only relevant unread/status; placement TBD D2,static required; morph only same semantic control,original master required; TEMP must retain source/license,PENDING
pi-objects-unarchive,objects,Из архива,D0 semantic requirement,NOT_CREATED,outline; active if stateful; filled only if justified in D2,optical sizes TBD D2; current UI baseline 22px,D2 specification; audit candidate minimum 44x44 CSS px,Из архива,only relevant unread/status; placement TBD D2,static required; morph only same semantic control,original master required; TEMP must retain source/license,PENDING
pi-objects-delete,objects,Удалить,D0 semantic requirement,NOT_CREATED,outline; active if stateful; filled only if justified in D2,optical sizes TBD D2; current UI baseline 22px,D2 specification; audit candidate minimum 44x44 CSS px,Удалить,only relevant unread/status; placement TBD D2,static required; morph only same semantic control,original master required; TEMP must retain source/license,PENDING
pi-objects-restore-deleted,objects,Восстановить,D0 semantic requirement,NOT_CREATED,outline; active if stateful; filled only if justified in D2,optical sizes TBD D2; current UI baseline 22px,D2 specification; audit candidate minimum 44x44 CSS px,Восстановить,only relevant unread/status; placement TBD D2,static required; morph only same semantic control,original master required; TEMP must retain source/license,PENDING
pi-objects-publish-snapshot,objects,Опубликованное представление,D0 semantic requirement,NOT_CREATED,outline; active if stateful; filled only if justified in D2,optical sizes TBD D2; current UI baseline 22px,D2 specification; audit candidate minimum 44x44 CSS px,Опубликованное представление,only relevant unread/status; placement TBD D2,static required; morph only same semantic control,original master required; TEMP must retain source/license,PENDING
pi-tasks-task-create,tasks,Создать дело,D0 semantic requirement,NOT_CREATED,outline; active if stateful; filled only if justified in D2,optical sizes TBD D2; current UI baseline 22px,D2 specification; audit candidate minimum 44x44 CSS px,Создать дело,only relevant unread/status; placement TBD D2,static required; morph only same semantic control,original master required; TEMP must retain source/license,PENDING
pi-tasks-task-complete,tasks,Завершить дело,D0 semantic requirement,NOT_CREATED,outline; active if stateful; filled only if justified in D2,optical sizes TBD D2; current UI baseline 22px,D2 specification; audit candidate minimum 44x44 CSS px,Завершить дело,only relevant unread/status; placement TBD D2,static required; morph only same semantic control,original master required; TEMP must retain source/license,PENDING
pi-tasks-task-reopen,tasks,Вернуть в работу,D0 semantic requirement,NOT_CREATED,outline; active if stateful; filled only if justified in D2,optical sizes TBD D2; current UI baseline 22px,D2 specification; audit candidate minimum 44x44 CSS px,Вернуть в работу,only relevant unread/status; placement TBD D2,static required; morph only same semantic control,original master required; TEMP must retain source/license,PENDING
pi-tasks-checklist,tasks,Чеклист,D0 semantic requirement,NOT_CREATED,outline; active if stateful; filled only if justified in D2,optical sizes TBD D2; current UI baseline 22px,D2 specification; audit candidate minimum 44x44 CSS px,Чеклист,only relevant unread/status; placement TBD D2,static required; morph only same semantic control,original master required; TEMP must retain source/license,PENDING
pi-tasks-assignee,tasks,Исполнитель,D0 semantic requirement,NOT_CREATED,outline; active if stateful; filled only if justified in D2,optical sizes TBD D2; current UI baseline 22px,D2 specification; audit candidate minimum 44x44 CSS px,Исполнитель,only relevant unread/status; placement TBD D2,static required; morph only same semantic control,original master required; TEMP must retain source/license,PENDING
pi-tasks-calendar,tasks,Дата,D0 semantic requirement,NOT_CREATED,outline; active if stateful; filled only if justified in D2,optical sizes TBD D2; current UI baseline 22px,D2 specification; audit candidate minimum 44x44 CSS px,Дата,only relevant unread/status; placement TBD D2,static required; morph only same semantic control,original master required; TEMP must retain source/license,PENDING
pi-tasks-clock,tasks,Время,D0 semantic requirement,NOT_CREATED,outline; active if stateful; filled only if justified in D2,optical sizes TBD D2; current UI baseline 22px,D2 specification; audit candidate minimum 44x44 CSS px,Время,only relevant unread/status; placement TBD D2,static required; morph only same semantic control,original master required; TEMP must retain source/license,PENDING
pi-tasks-reminder,tasks,Напомнить,D0 semantic requirement,NOT_CREATED,outline; active if stateful; filled only if justified in D2,optical sizes TBD D2; current UI baseline 22px,D2 specification; audit candidate minimum 44x44 CSS px,Напомнить,only relevant unread/status; placement TBD D2,static required; morph only same semantic control,original master required; TEMP must retain source/license,PENDING
pi-tasks-schedule,tasks,Запланировано,D0 semantic requirement,NOT_CREATED,outline; active if stateful; filled only if justified in D2,optical sizes TBD D2; current UI baseline 22px,D2 specification; audit candidate minimum 44x44 CSS px,Запланировано,only relevant unread/status; placement TBD D2,static required; morph only same semantic control,original master required; TEMP must retain source/license,PENDING
pi-tasks-recurring,tasks,Повторение,D0 semantic requirement,NOT_CREATED,outline; active if stateful; filled only if justified in D2,optical sizes TBD D2; current UI baseline 22px,D2 specification; audit candidate minimum 44x44 CSS px,Повторение,only relevant unread/status; placement TBD D2,static required; morph only same semantic control,original master required; TEMP must retain source/license,PENDING
pi-tasks-overdue,tasks,Просрочено,D0 semantic requirement,NOT_CREATED,outline; active if stateful; filled only if justified in D2,optical sizes TBD D2; current UI baseline 22px,D2 specification; audit candidate minimum 44x44 CSS px,Просрочено,only relevant unread/status; placement TBD D2,static required; morph only same semantic control,original master required; TEMP must retain source/license,PENDING
pi-tasks-priority,tasks,Приоритет,D0 semantic requirement,NOT_CREATED,outline; active if stateful; filled only if justified in D2,optical sizes TBD D2; current UI baseline 22px,D2 specification; audit candidate minimum 44x44 CSS px,Приоритет,only relevant unread/status; placement TBD D2,static required; morph only same semantic control,original master required; TEMP must retain source/license,PENDING
pi-tasks-move-date,tasks,Перенести срок,D0 semantic requirement,NOT_CREATED,outline; active if stateful; filled only if justified in D2,optical sizes TBD D2; current UI baseline 22px,D2 specification; audit candidate minimum 44x44 CSS px,Перенести срок,only relevant unread/status; placement TBD D2,static required; morph only same semantic control,original master required; TEMP must retain source/license,PENDING
pi-ai-ai-chat,ai,AI-разговор,D0 semantic requirement,NOT_CREATED,outline; active if stateful; filled only if justified in D2,optical sizes TBD D2; current UI baseline 22px,D2 specification; audit candidate minimum 44x44 CSS px,AI-разговор,only relevant unread/status; placement TBD D2,static required; morph only same semantic control,original master required; TEMP must retain source/license,PENDING
pi-ai-ai-context,ai,AI в контексте,D0 semantic requirement,NOT_CREATED,outline; active if stateful; filled only if justified in D2,optical sizes TBD D2; current UI baseline 22px,D2 specification; audit candidate minimum 44x44 CSS px,AI в контексте,only relevant unread/status; placement TBD D2,static required; morph only same semantic control,original master required; TEMP must retain source/license,PENDING
pi-ai-ai-inline,ai,AI для выделения,D0 semantic requirement,NOT_CREATED,outline; active if stateful; filled only if justified in D2,optical sizes TBD D2; current UI baseline 22px,D2 specification; audit candidate minimum 44x44 CSS px,AI для выделения,only relevant unread/status; placement TBD D2,static required; morph only same semantic control,original master required; TEMP must retain source/license,PENDING
pi-ai-context-add,ai,Добавить контекст,D0 semantic requirement,NOT_CREATED,outline; active if stateful; filled only if justified in D2,optical sizes TBD D2; current UI baseline 22px,D2 specification; audit candidate minimum 44x44 CSS px,Добавить контекст,only relevant unread/status; placement TBD D2,static required; morph only same semantic control,original master required; TEMP must retain source/license,PENDING
pi-ai-context-remove,ai,Убрать контекст,D0 semantic requirement,NOT_CREATED,outline; active if stateful; filled only if justified in D2,optical sizes TBD D2; current UI baseline 22px,D2 specification; audit candidate minimum 44x44 CSS px,Убрать контекст,only relevant unread/status; placement TBD D2,static required; morph only same semantic control,original master required; TEMP must retain source/license,PENDING
pi-ai-sources,ai,Источники,D0 semantic requirement,NOT_CREATED,outline; active if stateful; filled only if justified in D2,optical sizes TBD D2; current UI baseline 22px,D2 specification; audit candidate minimum 44x44 CSS px,Источники,only relevant unread/status; placement TBD D2,static required; morph only same semantic control,original master required; TEMP must retain source/license,PENDING
pi-ai-translate,ai,Перевести,D0 semantic requirement,NOT_CREATED,outline; active if stateful; filled only if justified in D2,optical sizes TBD D2; current UI baseline 22px,D2 specification; audit candidate minimum 44x44 CSS px,Перевести,only relevant unread/status; placement TBD D2,static required; morph only same semantic control,original master required; TEMP must retain source/license,PENDING
pi-ai-summarize,ai,Краткое содержание,D0 semantic requirement,NOT_CREATED,outline; active if stateful; filled only if justified in D2,optical sizes TBD D2; current UI baseline 22px,D2 specification; audit candidate minimum 44x44 CSS px,Краткое содержание,only relevant unread/status; placement TBD D2,static required; morph only same semantic control,original master required; TEMP must retain source/license,PENDING
pi-ai-shorten,ai,Сократить,D0 semantic requirement,NOT_CREATED,outline; active if stateful; filled only if justified in D2,optical sizes TBD D2; current UI baseline 22px,D2 specification; audit candidate minimum 44x44 CSS px,Сократить,only relevant unread/status; placement TBD D2,static required; morph only same semantic control,original master required; TEMP must retain source/license,PENDING
pi-ai-expand-text,ai,Расширить текст,D0 semantic requirement,NOT_CREATED,outline; active if stateful; filled only if justified in D2,optical sizes TBD D2; current UI baseline 22px,D2 specification; audit candidate minimum 44x44 CSS px,Расширить текст,only relevant unread/status; placement TBD D2,static required; morph only same semantic control,original master required; TEMP must retain source/license,PENDING
pi-ai-tone,ai,Изменить тон,D0 semantic requirement,NOT_CREATED,outline; active if stateful; filled only if justified in D2,optical sizes TBD D2; current UI baseline 22px,D2 specification; audit candidate minimum 44x44 CSS px,Изменить тон,only relevant unread/status; placement TBD D2,static required; morph only same semantic control,original master required; TEMP must retain source/license,PENDING
pi-ai-structure,ai,Структурировать,D0 semantic requirement,NOT_CREATED,outline; active if stateful; filled only if justified in D2,optical sizes TBD D2; current UI baseline 22px,D2 specification; audit candidate minimum 44x44 CSS px,Структурировать,only relevant unread/status; placement TBD D2,static required; morph only same semantic control,original master required; TEMP must retain source/license,PENDING
pi-ai-correct,ai,Исправить,D0 semantic requirement,NOT_CREATED,outline; active if stateful; filled only if justified in D2,optical sizes TBD D2; current UI baseline 22px,D2 specification; audit candidate minimum 44x44 CSS px,Исправить,only relevant unread/status; placement TBD D2,static required; morph only same semantic control,original master required; TEMP must retain source/license,PENDING
pi-ai-ai-proposal,ai,Предложение AI,D0 semantic requirement,NOT_CREATED,outline; active if stateful; filled only if justified in D2,optical sizes TBD D2; current UI baseline 22px,D2 specification; audit candidate minimum 44x44 CSS px,Предложение AI,only relevant unread/status; placement TBD D2,static required; morph only same semantic control,original master required; TEMP must retain source/license,PENDING
pi-ai-accept,ai,Принять,D0 semantic requirement,NOT_CREATED,outline; active if stateful; filled only if justified in D2,optical sizes TBD D2; current UI baseline 22px,D2 specification; audit candidate minimum 44x44 CSS px,Принять,only relevant unread/status; placement TBD D2,static required; morph only same semantic control,original master required; TEMP must retain source/license,PENDING
pi-ai-reject,ai,Отклонить,D0 semantic requirement,NOT_CREATED,outline; active if stateful; filled only if justified in D2,optical sizes TBD D2; current UI baseline 22px,D2 specification; audit candidate minimum 44x44 CSS px,Отклонить,only relevant unread/status; placement TBD D2,static required; morph only same semantic control,original master required; TEMP must retain source/license,PENDING
pi-ai-memory,ai,Память,D0 semantic requirement,NOT_CREATED,outline; active if stateful; filled only if justified in D2,optical sizes TBD D2; current UI baseline 22px,D2 specification; audit candidate minimum 44x44 CSS px,Память,only relevant unread/status; placement TBD D2,static required; morph only same semantic control,original master required; TEMP must retain source/license,PENDING
pi-ai-memory-off,ai,Память отключена,D0 semantic requirement,NOT_CREATED,outline; active if stateful; filled only if justified in D2,optical sizes TBD D2; current UI baseline 22px,D2 specification; audit candidate minimum 44x44 CSS px,Память отключена,only relevant unread/status; placement TBD D2,static required; morph only same semantic control,original master required; TEMP must retain source/license,PENDING
pi-ai-research,ai,Исследовать,D0 semantic requirement,NOT_CREATED,outline; active if stateful; filled only if justified in D2,optical sizes TBD D2; current UI baseline 22px,D2 specification; audit candidate minimum 44x44 CSS px,Исследовать,only relevant unread/status; placement TBD D2,static required; morph only same semantic control,original master required; TEMP must retain source/license,PENDING
pi-ai-export,ai,Экспорт,D0 semantic requirement,NOT_CREATED,outline; active if stateful; filled only if justified in D2,optical sizes TBD D2; current UI baseline 22px,D2 specification; audit candidate minimum 44x44 CSS px,Экспорт,only relevant unread/status; placement TBD D2,static required; morph only same semantic control,original master required; TEMP must retain source/license,PENDING
pi-agents-agent,agents,Агент,D0 semantic requirement,NOT_CREATED,outline; active if stateful; filled only if justified in D2,optical sizes TBD D2; current UI baseline 22px,D2 specification; audit candidate minimum 44x44 CSS px,Агент,only relevant unread/status; placement TBD D2,static required; morph only same semantic control,original master required; TEMP must retain source/license,PENDING
pi-agents-agent-add,agents,Добавить агента,D0 semantic requirement,NOT_CREATED,outline; active if stateful; filled only if justified in D2,optical sizes TBD D2; current UI baseline 22px,D2 specification; audit candidate minimum 44x44 CSS px,Добавить агента,only relevant unread/status; placement TBD D2,static required; morph only same semantic control,original master required; TEMP must retain source/license,PENDING
pi-agents-permissions,agents,Разрешения,D0 semantic requirement,NOT_CREATED,outline; active if stateful; filled only if justified in D2,optical sizes TBD D2; current UI baseline 22px,D2 specification; audit candidate minimum 44x44 CSS px,Разрешения,only relevant unread/status; placement TBD D2,static required; morph only same semantic control,original master required; TEMP must retain source/license,PENDING
pi-agents-run,agents,Запустить,D0 semantic requirement,NOT_CREATED,outline; active if stateful; filled only if justified in D2,optical sizes TBD D2; current UI baseline 22px,D2 specification; audit candidate minimum 44x44 CSS px,Запустить,only relevant unread/status; placement TBD D2,static required; morph only same semantic control,original master required; TEMP must retain source/license,PENDING
pi-agents-queued,agents,В очереди,D0 semantic requirement,NOT_CREATED,outline; active if stateful; filled only if justified in D2,optical sizes TBD D2; current UI baseline 22px,D2 specification; audit candidate minimum 44x44 CSS px,В очереди,only relevant unread/status; placement TBD D2,static required; morph only same semantic control,original master required; TEMP must retain source/license,PENDING
pi-agents-progress,agents,Выполняется,D0 semantic requirement,NOT_CREATED,outline; active if stateful; filled only if justified in D2,optical sizes TBD D2; current UI baseline 22px,D2 specification; audit candidate minimum 44x44 CSS px,Выполняется,only relevant unread/status; placement TBD D2,static required; morph only same semantic control,original master required; TEMP must retain source/license,PENDING
pi-agents-checkpoint,agents,Контрольная точка,D0 semantic requirement,NOT_CREATED,outline; active if stateful; filled only if justified in D2,optical sizes TBD D2; current UI baseline 22px,D2 specification; audit candidate minimum 44x44 CSS px,Контрольная точка,only relevant unread/status; placement TBD D2,static required; morph only same semantic control,original master required; TEMP must retain source/license,PENDING
pi-agents-approval,agents,Нужно подтверждение,D0 semantic requirement,NOT_CREATED,outline; active if stateful; filled only if justified in D2,optical sizes TBD D2; current UI baseline 22px,D2 specification; audit candidate minimum 44x44 CSS px,Нужно подтверждение,only relevant unread/status; placement TBD D2,static required; morph only same semantic control,original master required; TEMP must retain source/license,PENDING
pi-agents-cancel-run,agents,Отменить запуск,D0 semantic requirement,NOT_CREATED,outline; active if stateful; filled only if justified in D2,optical sizes TBD D2; current UI baseline 22px,D2 specification; audit candidate minimum 44x44 CSS px,Отменить запуск,only relevant unread/status; placement TBD D2,static required; morph only same semantic control,original master required; TEMP must retain source/license,PENDING
pi-agents-retry,agents,Повторить,D0 semantic requirement,NOT_CREATED,outline; active if stateful; filled only if justified in D2,optical sizes TBD D2; current UI baseline 22px,D2 specification; audit candidate minimum 44x44 CSS px,Повторить,only relevant unread/status; placement TBD D2,static required; morph only same semantic control,original master required; TEMP must retain source/license,PENDING
pi-agents-failure,agents,Ошибка запуска,D0 semantic requirement,NOT_CREATED,outline; active if stateful; filled only if justified in D2,optical sizes TBD D2; current UI baseline 22px,D2 specification; audit candidate minimum 44x44 CSS px,Ошибка запуска,only relevant unread/status; placement TBD D2,static required; morph only same semantic control,original master required; TEMP must retain source/license,PENDING
pi-agents-result,agents,Результат,D0 semantic requirement,NOT_CREATED,outline; active if stateful; filled only if justified in D2,optical sizes TBD D2; current UI baseline 22px,D2 specification; audit candidate minimum 44x44 CSS px,Результат,only relevant unread/status; placement TBD D2,static required; morph only same semantic control,original master required; TEMP must retain source/license,PENDING
pi-agents-delegate,agents,Делегирование,D0 semantic requirement,NOT_CREATED,outline; active if stateful; filled only if justified in D2,optical sizes TBD D2; current UI baseline 22px,D2 specification; audit candidate minimum 44x44 CSS px,Делегирование,only relevant unread/status; placement TBD D2,static required; morph only same semantic control,original master required; TEMP must retain source/license,PENDING
pi-agents-budget,agents,Бюджет,D0 semantic requirement,NOT_CREATED,outline; active if stateful; filled only if justified in D2,optical sizes TBD D2; current UI baseline 22px,D2 specification; audit candidate minimum 44x44 CSS px,Бюджет,only relevant unread/status; placement TBD D2,static required; morph only same semantic control,original master required; TEMP must retain source/license,PENDING
pi-agents-limit,agents,Лимит,D0 semantic requirement,NOT_CREATED,outline; active if stateful; filled only if justified in D2,optical sizes TBD D2; current UI baseline 22px,D2 specification; audit candidate minimum 44x44 CSS px,Лимит,only relevant unread/status; placement TBD D2,static required; morph only same semantic control,original master required; TEMP must retain source/license,PENDING
pi-agents-human-takeover,agents,Передать человеку,D0 semantic requirement,NOT_CREATED,outline; active if stateful; filled only if justified in D2,optical sizes TBD D2; current UI baseline 22px,D2 specification; audit candidate minimum 44x44 CSS px,Передать человеку,only relevant unread/status; placement TBD D2,static required; morph only same semantic control,original master required; TEMP must retain source/license,PENDING
pi-agents-private-result,agents,Приватный результат,D0 semantic requirement,NOT_CREATED,outline; active if stateful; filled only if justified in D2,optical sizes TBD D2; current UI baseline 22px,D2 specification; audit candidate minimum 44x44 CSS px,Приватный результат,only relevant unread/status; placement TBD D2,static required; morph only same semantic control,original master required; TEMP must retain source/license,PENDING
pi-social-space,social,Пространство,D0 semantic requirement,NOT_CREATED,outline; active if stateful; filled only if justified in D2,optical sizes TBD D2; current UI baseline 22px,D2 specification; audit candidate minimum 44x44 CSS px,Пространство,only relevant unread/status; placement TBD D2,static required; morph only same semantic control,original master required; TEMP must retain source/license,PENDING
pi-social-community,social,Сообщество,D0 semantic requirement,NOT_CREATED,outline; active if stateful; filled only if justified in D2,optical sizes TBD D2; current UI baseline 22px,D2 specification; audit candidate minimum 44x44 CSS px,Сообщество,only relevant unread/status; placement TBD D2,static required; morph only same semantic control,original master required; TEMP must retain source/license,PENDING
pi-social-channel,social,Канал,D0 semantic requirement,NOT_CREATED,outline; active if stateful; filled only if justified in D2,optical sizes TBD D2; current UI baseline 22px,D2 specification; audit candidate minimum 44x44 CSS px,Канал,only relevant unread/status; placement TBD D2,static required; morph only same semantic control,original master required; TEMP must retain source/license,PENDING
pi-social-publication,social,Публикация,D0 semantic requirement,NOT_CREATED,outline; active if stateful; filled only if justified in D2,optical sizes TBD D2; current UI baseline 22px,D2 specification; audit candidate minimum 44x44 CSS px,Публикация,only relevant unread/status; placement TBD D2,static required; morph only same semantic control,original master required; TEMP must retain source/license,PENDING
pi-social-feed,social,Подписная лента,D0 semantic requirement,NOT_CREATED,outline; active if stateful; filled only if justified in D2,optical sizes TBD D2; current UI baseline 22px,D2 specification; audit candidate minimum 44x44 CSS px,Подписная лента,only relevant unread/status; placement TBD D2,static required; morph only same semantic control,original master required; TEMP must retain source/license,PENDING
pi-social-discover,social,Открыть новое,D0 semantic requirement,NOT_CREATED,outline; active if stateful; filled only if justified in D2,optical sizes TBD D2; current UI baseline 22px,D2 specification; audit candidate minimum 44x44 CSS px,Открыть новое,only relevant unread/status; placement TBD D2,static required; morph only same semantic control,original master required; TEMP must retain source/license,PENDING
pi-social-follow,social,Подписаться,D0 semantic requirement,NOT_CREATED,outline; active if stateful; filled only if justified in D2,optical sizes TBD D2; current UI baseline 22px,D2 specification; audit candidate minimum 44x44 CSS px,Подписаться,only relevant unread/status; placement TBD D2,static required; morph only same semantic control,original master required; TEMP must retain source/license,PENDING
pi-social-unfollow,social,Отписаться,D0 semantic requirement,NOT_CREATED,outline; active if stateful; filled only if justified in D2,optical sizes TBD D2; current UI baseline 22px,D2 specification; audit candidate minimum 44x44 CSS px,Отписаться,only relevant unread/status; placement TBD D2,static required; morph only same semantic control,original master required; TEMP must retain source/license,PENDING
pi-social-share,social,Поделиться,D0 semantic requirement,NOT_CREATED,outline; active if stateful; filled only if justified in D2,optical sizes TBD D2; current UI baseline 22px,D2 specification; audit candidate minimum 44x44 CSS px,Поделиться,only relevant unread/status; placement TBD D2,static required; morph only same semantic control,original master required; TEMP must retain source/license,PENDING
pi-social-invite,social,Пригласить,D0 semantic requirement,NOT_CREATED,outline; active if stateful; filled only if justified in D2,optical sizes TBD D2; current UI baseline 22px,D2 specification; audit candidate minimum 44x44 CSS px,Пригласить,only relevant unread/status; placement TBD D2,static required; morph only same semantic control,original master required; TEMP must retain source/license,PENDING
pi-social-join,social,Вступить,D0 semantic requirement,NOT_CREATED,outline; active if stateful; filled only if justified in D2,optical sizes TBD D2; current UI baseline 22px,D2 specification; audit candidate minimum 44x44 CSS px,Вступить,only relevant unread/status; placement TBD D2,static required; morph only same semantic control,original master required; TEMP must retain source/license,PENDING
pi-social-leave,social,Покинуть,D0 semantic requirement,NOT_CREATED,outline; active if stateful; filled only if justified in D2,optical sizes TBD D2; current UI baseline 22px,D2 specification; audit candidate minimum 44x44 CSS px,Покинуть,only relevant unread/status; placement TBD D2,static required; morph only same semantic control,original master required; TEMP must retain source/license,PENDING
pi-social-members,social,Участники,D0 semantic requirement,NOT_CREATED,outline; active if stateful; filled only if justified in D2,optical sizes TBD D2; current UI baseline 22px,D2 specification; audit candidate minimum 44x44 CSS px,Участники,only relevant unread/status; placement TBD D2,static required; morph only same semantic control,original master required; TEMP must retain source/license,PENDING
pi-social-roles,social,Роли,D0 semantic requirement,NOT_CREATED,outline; active if stateful; filled only if justified in D2,optical sizes TBD D2; current UI baseline 22px,D2 specification; audit candidate minimum 44x44 CSS px,Роли,only relevant unread/status; placement TBD D2,static required; morph only same semantic control,original master required; TEMP must retain source/license,PENDING
pi-social-owner,social,Владелец,D0 semantic requirement,NOT_CREATED,outline; active if stateful; filled only if justified in D2,optical sizes TBD D2; current UI baseline 22px,D2 specification; audit candidate minimum 44x44 CSS px,Владелец,only relevant unread/status; placement TBD D2,static required; morph only same semantic control,original master required; TEMP must retain source/license,PENDING
pi-social-admin,social,Администратор,D0 semantic requirement,NOT_CREATED,outline; active if stateful; filled only if justified in D2,optical sizes TBD D2; current UI baseline 22px,D2 specification; audit candidate minimum 44x44 CSS px,Администратор,only relevant unread/status; placement TBD D2,static required; morph only same semantic control,original master required; TEMP must retain source/license,PENDING
pi-social-moderator,social,Модератор,D0 semantic requirement,NOT_CREATED,outline; active if stateful; filled only if justified in D2,optical sizes TBD D2; current UI baseline 22px,D2 specification; audit candidate minimum 44x44 CSS px,Модератор,only relevant unread/status; placement TBD D2,static required; morph only same semantic control,original master required; TEMP must retain source/license,PENDING
pi-social-editor,social,Редактор,D0 semantic requirement,NOT_CREATED,outline; active if stateful; filled only if justified in D2,optical sizes TBD D2; current UI baseline 22px,D2 specification; audit candidate minimum 44x44 CSS px,Редактор,only relevant unread/status; placement TBD D2,static required; morph only same semantic control,original master required; TEMP must retain source/license,PENDING
pi-social-member,social,Участник,D0 semantic requirement,NOT_CREATED,outline; active if stateful; filled only if justified in D2,optical sizes TBD D2; current UI baseline 22px,D2 specification; audit candidate minimum 44x44 CSS px,Участник,only relevant unread/status; placement TBD D2,static required; morph only same semantic control,original master required; TEMP must retain source/license,PENDING
pi-social-guest,social,Гость,D0 semantic requirement,NOT_CREATED,outline; active if stateful; filled only if justified in D2,optical sizes TBD D2; current UI baseline 22px,D2 specification; audit candidate minimum 44x44 CSS px,Гость,only relevant unread/status; placement TBD D2,static required; morph only same semantic control,original master required; TEMP must retain source/license,PENDING
pi-social-poll,social,Опрос,D0 semantic requirement,NOT_CREATED,outline; active if stateful; filled only if justified in D2,optical sizes TBD D2; current UI baseline 22px,D2 specification; audit candidate minimum 44x44 CSS px,Опрос,only relevant unread/status; placement TBD D2,static required; morph only same semantic control,original master required; TEMP must retain source/license,PENDING
pi-social-event,social,Событие,D0 semantic requirement,NOT_CREATED,outline; active if stateful; filled only if justified in D2,optical sizes TBD D2; current UI baseline 22px,D2 specification; audit candidate minimum 44x44 CSS px,Событие,only relevant unread/status; placement TBD D2,static required; morph only same semantic control,original master required; TEMP must retain source/license,PENDING
pi-social-form,social,Форма,D0 semantic requirement,NOT_CREATED,outline; active if stateful; filled only if justified in D2,optical sizes TBD D2; current UI baseline 22px,D2 specification; audit candidate minimum 44x44 CSS px,Форма,only relevant unread/status; placement TBD D2,static required; morph only same semantic control,original master required; TEMP must retain source/license,PENDING
pi-social-report,social,Пожаловаться,D0 semantic requirement,NOT_CREATED,outline; active if stateful; filled only if justified in D2,optical sizes TBD D2; current UI baseline 22px,D2 specification; audit candidate minimum 44x44 CSS px,Пожаловаться,only relevant unread/status; placement TBD D2,static required; morph only same semantic control,original master required; TEMP must retain source/license,PENDING
pi-social-block,social,Заблокировать,D0 semantic requirement,NOT_CREATED,outline; active if stateful; filled only if justified in D2,optical sizes TBD D2; current UI baseline 22px,D2 specification; audit candidate minimum 44x44 CSS px,Заблокировать,only relevant unread/status; placement TBD D2,static required; morph only same semantic control,original master required; TEMP must retain source/license,PENDING
pi-social-unblock,social,Разблокировать,D0 semantic requirement,NOT_CREATED,outline; active if stateful; filled only if justified in D2,optical sizes TBD D2; current UI baseline 22px,D2 specification; audit candidate minimum 44x44 CSS px,Разблокировать,only relevant unread/status; placement TBD D2,static required; morph only same semantic control,original master required; TEMP must retain source/license,PENDING
pi-social-audit-log,social,Журнал действий,D0 semantic requirement,NOT_CREATED,outline; active if stateful; filled only if justified in D2,optical sizes TBD D2; current UI baseline 22px,D2 specification; audit candidate minimum 44x44 CSS px,Журнал действий,only relevant unread/status; placement TBD D2,static required; morph only same semantic control,original master required; TEMP must retain source/license,PENDING
pi-social-membership-approval,social,Одобрить вступление,D0 semantic requirement,NOT_CREATED,outline; active if stateful; filled only if justified in D2,optical sizes TBD D2; current UI baseline 22px,D2 specification; audit candidate minimum 44x44 CSS px,Одобрить вступление,only relevant unread/status; placement TBD D2,static required; morph only same semantic control,original master required; TEMP must retain source/license,PENDING
pi-social-story,social,История,TBD owner scope,NOT_CREATED,outline; active if stateful; filled only if justified in D2,optical sizes TBD D2; current UI baseline 22px,D2 specification; audit candidate minimum 44x44 CSS px,История,only relevant unread/status; placement TBD D2,static required; morph only same semantic control,original master required; TEMP must retain source/license,PENDING
pi-social-followers,social,Подписчики,D0 semantic requirement,NOT_CREATED,outline; active if stateful; filled only if justified in D2,optical sizes TBD D2; current UI baseline 22px,D2 specification; audit candidate minimum 44x44 CSS px,Подписчики,only relevant unread/status; placement TBD D2,static required; morph only same semantic control,original master required; TEMP must retain source/license,PENDING
pi-services-factory,services,Фабрика,D0 semantic requirement,NOT_CREATED,outline; active if stateful; filled only if justified in D2,optical sizes TBD D2; current UI baseline 22px,D2 specification; audit candidate minimum 44x44 CSS px,Фабрика,only relevant unread/status; placement TBD D2,static required; morph only same semantic control,original master required; TEMP must retain source/license,PENDING
pi-services-capabilities,services,Возможности,D0 semantic requirement,NOT_CREATED,outline; active if stateful; filled only if justified in D2,optical sizes TBD D2; current UI baseline 22px,D2 specification; audit candidate minimum 44x44 CSS px,Возможности,only relevant unread/status; placement TBD D2,static required; morph only same semantic control,original master required; TEMP must retain source/license,PENDING
pi-services-bot,services,Бот,D0 semantic requirement,NOT_CREATED,outline; active if stateful; filled only if justified in D2,optical sizes TBD D2; current UI baseline 22px,D2 specification; audit candidate minimum 44x44 CSS px,Бот,only relevant unread/status; placement TBD D2,static required; morph only same semantic control,original master required; TEMP must retain source/license,PENDING
pi-services-mini-app,services,Мини-приложение,D0 semantic requirement,NOT_CREATED,outline; active if stateful; filled only if justified in D2,optical sizes TBD D2; current UI baseline 22px,D2 specification; audit candidate minimum 44x44 CSS px,Мини-приложение,only relevant unread/status; placement TBD D2,static required; morph only same semantic control,original master required; TEMP must retain source/license,PENDING
pi-services-plugin,services,Плагин,D0 semantic requirement,NOT_CREATED,outline; active if stateful; filled only if justified in D2,optical sizes TBD D2; current UI baseline 22px,D2 specification; audit candidate minimum 44x44 CSS px,Плагин,only relevant unread/status; placement TBD D2,static required; morph only same semantic control,original master required; TEMP must retain source/license,PENDING
pi-services-skill,services,Навык,D0 semantic requirement,NOT_CREATED,outline; active if stateful; filled only if justified in D2,optical sizes TBD D2; current UI baseline 22px,D2 specification; audit candidate minimum 44x44 CSS px,Навык,only relevant unread/status; placement TBD D2,static required; morph only same semantic control,original master required; TEMP must retain source/license,PENDING
pi-services-integration,services,Интеграция,D0 semantic requirement,NOT_CREATED,outline; active if stateful; filled only if justified in D2,optical sizes TBD D2; current UI baseline 22px,D2 specification; audit candidate minimum 44x44 CSS px,Интеграция,only relevant unread/status; placement TBD D2,static required; morph only same semantic control,original master required; TEMP must retain source/license,PENDING
pi-services-workflow,services,Сценарий работы,D0 semantic requirement,NOT_CREATED,outline; active if stateful; filled only if justified in D2,optical sizes TBD D2; current UI baseline 22px,D2 specification; audit candidate minimum 44x44 CSS px,Сценарий работы,only relevant unread/status; placement TBD D2,static required; morph only same semantic control,original master required; TEMP must retain source/license,PENDING
pi-services-publisher,services,Издатель,D0 semantic requirement,NOT_CREATED,outline; active if stateful; filled only if justified in D2,optical sizes TBD D2; current UI baseline 22px,D2 specification; audit candidate minimum 44x44 CSS px,Издатель,only relevant unread/status; placement TBD D2,static required; morph only same semantic control,original master required; TEMP must retain source/license,PENDING
pi-services-install,services,Установить,D0 semantic requirement,NOT_CREATED,outline; active if stateful; filled only if justified in D2,optical sizes TBD D2; current UI baseline 22px,D2 specification; audit candidate minimum 44x44 CSS px,Установить,only relevant unread/status; placement TBD D2,static required; morph only same semantic control,original master required; TEMP must retain source/license,PENDING
pi-services-uninstall,services,Удалить установку,D0 semantic requirement,NOT_CREATED,outline; active if stateful; filled only if justified in D2,optical sizes TBD D2; current UI baseline 22px,D2 specification; audit candidate minimum 44x44 CSS px,Удалить установку,only relevant unread/status; placement TBD D2,static required; morph only same semantic control,original master required; TEMP must retain source/license,PENDING
pi-services-connect,services,Подключить,D0 semantic requirement,NOT_CREATED,outline; active if stateful; filled only if justified in D2,optical sizes TBD D2; current UI baseline 22px,D2 specification; audit candidate minimum 44x44 CSS px,Подключить,only relevant unread/status; placement TBD D2,static required; morph only same semantic control,original master required; TEMP must retain source/license,PENDING
pi-services-disconnect,services,Отключить,D0 semantic requirement,NOT_CREATED,outline; active if stateful; filled only if justified in D2,optical sizes TBD D2; current UI baseline 22px,D2 specification; audit candidate minimum 44x44 CSS px,Отключить,only relevant unread/status; placement TBD D2,static required; morph only same semantic control,original master required; TEMP must retain source/license,PENDING
pi-services-update,services,Обновить,D0 semantic requirement,NOT_CREATED,outline; active if stateful; filled only if justified in D2,optical sizes TBD D2; current UI baseline 22px,D2 specification; audit candidate minimum 44x44 CSS px,Обновить,only relevant unread/status; placement TBD D2,static required; morph only same semantic control,original master required; TEMP must retain source/license,PENDING
pi-services-revoke,services,Отозвать,D0 semantic requirement,NOT_CREATED,outline; active if stateful; filled only if justified in D2,optical sizes TBD D2; current UI baseline 22px,D2 specification; audit candidate minimum 44x44 CSS px,Отозвать,only relevant unread/status; placement TBD D2,static required; morph only same semantic control,original master required; TEMP must retain source/license,PENDING
pi-services-trust-unverified,services,Не проверено,D0 semantic requirement,NOT_CREATED,outline; active if stateful; filled only if justified in D2,optical sizes TBD D2; current UI baseline 22px,D2 specification; audit candidate minimum 44x44 CSS px,Не проверено,only relevant unread/status; placement TBD D2,static required; morph only same semantic control,original master required; TEMP must retain source/license,PENDING
pi-services-trust-verified,services,Проверено,D0 semantic requirement,NOT_CREATED,outline; active if stateful; filled only if justified in D2,optical sizes TBD D2; current UI baseline 22px,D2 specification; audit candidate minimum 44x44 CSS px,Проверено,only relevant unread/status; placement TBD D2,static required; morph only same semantic control,original master required; TEMP must retain source/license,PENDING
pi-services-trust-reviewed,services,Проверено Pablicus,D0 semantic requirement,NOT_CREATED,outline; active if stateful; filled only if justified in D2,optical sizes TBD D2; current UI baseline 22px,D2 specification; audit candidate minimum 44x44 CSS px,Проверено Pablicus,only relevant unread/status; placement TBD D2,static required; morph only same semantic control,original master required; TEMP must retain source/license,PENDING
pi-services-build,services,Сборка,D0 semantic requirement,NOT_CREATED,outline; active if stateful; filled only if justified in D2,optical sizes TBD D2; current UI baseline 22px,D2 specification; audit candidate minimum 44x44 CSS px,Сборка,only relevant unread/status; placement TBD D2,static required; morph only same semantic control,original master required; TEMP must retain source/license,PENDING
pi-services-test,services,Проверка,D0 semantic requirement,NOT_CREATED,outline; active if stateful; filled only if justified in D2,optical sizes TBD D2; current UI baseline 22px,D2 specification; audit candidate minimum 44x44 CSS px,Проверка,only relevant unread/status; placement TBD D2,static required; morph only same semantic control,original master required; TEMP must retain source/license,PENDING
pi-services-service-instance,services,Экземпляр сервиса,D0 semantic requirement,NOT_CREATED,outline; active if stateful; filled only if justified in D2,optical sizes TBD D2; current UI baseline 22px,D2 specification; audit candidate minimum 44x44 CSS px,Экземпляр сервиса,only relevant unread/status; placement TBD D2,static required; morph only same semantic control,original master required; TEMP must retain source/license,PENDING
pi-services-scenario-node,services,Шаг сценария,D0 semantic requirement,NOT_CREATED,outline; active if stateful; filled only if justified in D2,optical sizes TBD D2; current UI baseline 22px,D2 specification; audit candidate minimum 44x44 CSS px,Шаг сценария,only relevant unread/status; placement TBD D2,static required; morph only same semantic control,original master required; TEMP must retain source/license,PENDING
pi-services-branch,services,Ветвление,D0 semantic requirement,NOT_CREATED,outline; active if stateful; filled only if justified in D2,optical sizes TBD D2; current UI baseline 22px,D2 specification; audit candidate minimum 44x44 CSS px,Ветвление,only relevant unread/status; placement TBD D2,static required; morph only same semantic control,original master required; TEMP must retain source/license,PENDING
pi-system-settings,system,Настройки,D0 semantic requirement,NOT_CREATED,outline; active if stateful; filled only if justified in D2,optical sizes TBD D2; current UI baseline 22px,D2 specification; audit candidate minimum 44x44 CSS px,Настройки,only relevant unread/status; placement TBD D2,static required; morph only same semantic control,original master required; TEMP must retain source/license,PENDING
pi-system-profile-edit,system,Изменить профиль,D0 semantic requirement,NOT_CREATED,outline; active if stateful; filled only if justified in D2,optical sizes TBD D2; current UI baseline 22px,D2 specification; audit candidate minimum 44x44 CSS px,Изменить профиль,only relevant unread/status; placement TBD D2,static required; morph only same semantic control,original master required; TEMP must retain source/license,PENDING
pi-system-public-identity,system,Публичная идентичность,D0 semantic requirement,NOT_CREATED,outline; active if stateful; filled only if justified in D2,optical sizes TBD D2; current UI baseline 22px,D2 specification; audit candidate minimum 44x44 CSS px,Публичная идентичность,only relevant unread/status; placement TBD D2,static required; morph only same semantic control,original master required; TEMP must retain source/license,PENDING
pi-system-privacy,system,Приватность,D0 semantic requirement,NOT_CREATED,outline; active if stateful; filled only if justified in D2,optical sizes TBD D2; current UI baseline 22px,D2 specification; audit candidate minimum 44x44 CSS px,Приватность,only relevant unread/status; placement TBD D2,static required; morph only same semantic control,original master required; TEMP must retain source/license,PENDING
pi-system-lock,system,Закрытый доступ,D0 semantic requirement,NOT_CREATED,outline; active if stateful; filled only if justified in D2,optical sizes TBD D2; current UI baseline 22px,D2 specification; audit candidate minimum 44x44 CSS px,Закрытый доступ,only relevant unread/status; placement TBD D2,static required; morph only same semantic control,original master required; TEMP must retain source/license,PENDING
pi-system-unlock,system,Открытый доступ,D0 semantic requirement,NOT_CREATED,outline; active if stateful; filled only if justified in D2,optical sizes TBD D2; current UI baseline 22px,D2 specification; audit candidate minimum 44x44 CSS px,Открытый доступ,only relevant unread/status; placement TBD D2,static required; morph only same semantic control,original master required; TEMP must retain source/license,PENDING
pi-system-session,system,Сеанс,D0 semantic requirement,NOT_CREATED,outline; active if stateful; filled only if justified in D2,optical sizes TBD D2; current UI baseline 22px,D2 specification; audit candidate minimum 44x44 CSS px,Сеанс,only relevant unread/status; placement TBD D2,static required; morph only same semantic control,original master required; TEMP must retain source/license,PENDING
pi-system-device,system,Устройство,D0 semantic requirement,NOT_CREATED,outline; active if stateful; filled only if justified in D2,optical sizes TBD D2; current UI baseline 22px,D2 specification; audit candidate minimum 44x44 CSS px,Устройство,only relevant unread/status; placement TBD D2,static required; morph only same semantic control,original master required; TEMP must retain source/license,PENDING
pi-system-passkey,system,Ключ доступа,D0 semantic requirement,NOT_CREATED,outline; active if stateful; filled only if justified in D2,optical sizes TBD D2; current UI baseline 22px,D2 specification; audit candidate minimum 44x44 CSS px,Ключ доступа,only relevant unread/status; placement TBD D2,static required; morph only same semantic control,original master required; TEMP must retain source/license,PENDING
pi-system-sign-in,system,Войти,D0 semantic requirement,NOT_CREATED,outline; active if stateful; filled only if justified in D2,optical sizes TBD D2; current UI baseline 22px,D2 specification; audit candidate minimum 44x44 CSS px,Войти,only relevant unread/status; placement TBD D2,static required; morph only same semantic control,original master required; TEMP must retain source/license,PENDING
pi-system-sign-out,system,Выйти,D0 semantic requirement,NOT_CREATED,outline; active if stateful; filled only if justified in D2,optical sizes TBD D2; current UI baseline 22px,D2 specification; audit candidate minimum 44x44 CSS px,Выйти,only relevant unread/status; placement TBD D2,static required; morph only same semantic control,original master required; TEMP must retain source/license,PENDING
pi-system-account-switch,system,Сменить аккаунт,D0 semantic requirement,NOT_CREATED,outline; active if stateful; filled only if justified in D2,optical sizes TBD D2; current UI baseline 22px,D2 specification; audit candidate minimum 44x44 CSS px,Сменить аккаунт,only relevant unread/status; placement TBD D2,static required; morph only same semantic control,original master required; TEMP must retain source/license,PENDING
pi-system-recovery,system,Восстановить доступ,D0 semantic requirement,NOT_CREATED,outline; active if stateful; filled only if justified in D2,optical sizes TBD D2; current UI baseline 22px,D2 specification; audit candidate minimum 44x44 CSS px,Восстановить доступ,only relevant unread/status; placement TBD D2,static required; morph only same semantic control,original master required; TEMP must retain source/license,PENDING
pi-system-storage,system,Хранилище,D0 semantic requirement,NOT_CREATED,outline; active if stateful; filled only if justified in D2,optical sizes TBD D2; current UI baseline 22px,D2 specification; audit candidate minimum 44x44 CSS px,Хранилище,only relevant unread/status; placement TBD D2,static required; morph only same semantic control,original master required; TEMP must retain source/license,PENDING
pi-system-notification,system,Уведомления,D0 semantic requirement,NOT_CREATED,outline; active if stateful; filled only if justified in D2,optical sizes TBD D2; current UI baseline 22px,D2 specification; audit candidate minimum 44x44 CSS px,Уведомления,only relevant unread/status; placement TBD D2,static required; morph only same semantic control,original master required; TEMP must retain source/license,PENDING
pi-system-notification-off,system,Уведомления выключены,D0 semantic requirement,NOT_CREATED,outline; active if stateful; filled only if justified in D2,optical sizes TBD D2; current UI baseline 22px,D2 specification; audit candidate minimum 44x44 CSS px,Уведомления выключены,only relevant unread/status; placement TBD D2,static required; morph only same semantic control,original master required; TEMP must retain source/license,PENDING
pi-system-light,system,Светлая тема,D0 semantic requirement,NOT_CREATED,outline; active if stateful; filled only if justified in D2,optical sizes TBD D2; current UI baseline 22px,D2 specification; audit candidate minimum 44x44 CSS px,Светлая тема,only relevant unread/status; placement TBD D2,static required; morph only same semantic control,original master required; TEMP must retain source/license,PENDING
pi-system-dark,system,Тёмная тема,D0 semantic requirement,NOT_CREATED,outline; active if stateful; filled only if justified in D2,optical sizes TBD D2; current UI baseline 22px,D2 specification; audit candidate minimum 44x44 CSS px,Тёмная тема,only relevant unread/status; placement TBD D2,static required; morph only same semantic control,original master required; TEMP must retain source/license,PENDING
pi-system-theme-system,system,Системная тема,D0 semantic requirement,NOT_CREATED,outline; active if stateful; filled only if justified in D2,optical sizes TBD D2; current UI baseline 22px,D2 specification; audit candidate minimum 44x44 CSS px,Системная тема,only relevant unread/status; placement TBD D2,static required; morph only same semantic control,original master required; TEMP must retain source/license,PENDING
pi-system-accessibility,system,Доступность,D0 semantic requirement,NOT_CREATED,outline; active if stateful; filled only if justified in D2,optical sizes TBD D2; current UI baseline 22px,D2 specification; audit candidate minimum 44x44 CSS px,Доступность,only relevant unread/status; placement TBD D2,static required; morph only same semantic control,original master required; TEMP must retain source/license,PENDING
pi-system-text-size,system,Размер текста,D0 semantic requirement,NOT_CREATED,outline; active if stateful; filled only if justified in D2,optical sizes TBD D2; current UI baseline 22px,D2 specification; audit candidate minimum 44x44 CSS px,Размер текста,only relevant unread/status; placement TBD D2,static required; morph only same semantic control,original master required; TEMP must retain source/license,PENDING
pi-system-contrast,system,Контраст,D0 semantic requirement,NOT_CREATED,outline; active if stateful; filled only if justified in D2,optical sizes TBD D2; current UI baseline 22px,D2 specification; audit candidate minimum 44x44 CSS px,Контраст,only relevant unread/status; placement TBD D2,static required; morph only same semantic control,original master required; TEMP must retain source/license,PENDING
pi-system-motion-reduce,system,Уменьшить движение,D0 semantic requirement,NOT_CREATED,outline; active if stateful; filled only if justified in D2,optical sizes TBD D2; current UI baseline 22px,D2 specification; audit candidate minimum 44x44 CSS px,Уменьшить движение,only relevant unread/status; placement TBD D2,static required; morph only same semantic control,original master required; TEMP must retain source/license,PENDING
pi-system-transparency-reduce,system,Уменьшить прозрачность,D0 semantic requirement,NOT_CREATED,outline; active if stateful; filled only if justified in D2,optical sizes TBD D2; current UI baseline 22px,D2 specification; audit candidate minimum 44x44 CSS px,Уменьшить прозрачность,only relevant unread/status; placement TBD D2,static required; morph only same semantic control,original master required; TEMP must retain source/license,PENDING
pi-system-online,system,В сети,D0 semantic requirement,NOT_CREATED,outline; active if stateful; filled only if justified in D2,optical sizes TBD D2; current UI baseline 22px,D2 specification; audit candidate minimum 44x44 CSS px,В сети,only relevant unread/status; placement TBD D2,static required; morph only same semantic control,original master required; TEMP must retain source/license,PENDING
pi-system-offline,system,Нет сети,D0 semantic requirement,NOT_CREATED,outline; active if stateful; filled only if justified in D2,optical sizes TBD D2; current UI baseline 22px,D2 specification; audit candidate minimum 44x44 CSS px,Нет сети,only relevant unread/status; placement TBD D2,static required; morph only same semantic control,original master required; TEMP must retain source/license,PENDING
pi-system-reconnect,system,Восстановление связи,D0 semantic requirement,NOT_CREATED,outline; active if stateful; filled only if justified in D2,optical sizes TBD D2; current UI baseline 22px,D2 specification; audit candidate minimum 44x44 CSS px,Восстановление связи,only relevant unread/status; placement TBD D2,static required; morph only same semantic control,original master required; TEMP must retain source/license,PENDING
pi-system-sync,system,Синхронизация,D0 semantic requirement,NOT_CREATED,outline; active if stateful; filled only if justified in D2,optical sizes TBD D2; current UI baseline 22px,D2 specification; audit candidate minimum 44x44 CSS px,Синхронизация,only relevant unread/status; placement TBD D2,static required; morph only same semantic control,original master required; TEMP must retain source/license,PENDING
pi-system-warning,system,Предупреждение,D0 semantic requirement,NOT_CREATED,outline; active if stateful; filled only if justified in D2,optical sizes TBD D2; current UI baseline 22px,D2 specification; audit candidate minimum 44x44 CSS px,Предупреждение,only relevant unread/status; placement TBD D2,static required; morph only same semantic control,original master required; TEMP must retain source/license,PENDING
pi-system-error,system,Ошибка,D0 semantic requirement,NOT_CREATED,outline; active if stateful; filled only if justified in D2,optical sizes TBD D2; current UI baseline 22px,D2 specification; audit candidate minimum 44x44 CSS px,Ошибка,only relevant unread/status; placement TBD D2,static required; morph only same semantic control,original master required; TEMP must retain source/license,PENDING
pi-system-success,system,Успех,D0 semantic requirement,NOT_CREATED,outline; active if stateful; filled only if justified in D2,optical sizes TBD D2; current UI baseline 22px,D2 specification; audit candidate minimum 44x44 CSS px,Успех,only relevant unread/status; placement TBD D2,static required; morph only same semantic control,original master required; TEMP must retain source/license,PENDING
pi-system-info,system,Информация,D0 semantic requirement,NOT_CREATED,outline; active if stateful; filled only if justified in D2,optical sizes TBD D2; current UI baseline 22px,D2 specification; audit candidate minimum 44x44 CSS px,Информация,only relevant unread/status; placement TBD D2,static required; morph only same semantic control,original master required; TEMP must retain source/license,PENDING
pi-system-loading,system,Загрузка,D0 semantic requirement,NOT_CREATED,outline; active if stateful; filled only if justified in D2,optical sizes TBD D2; current UI baseline 22px,D2 specification; audit candidate minimum 44x44 CSS px,Загрузка,only relevant unread/status; placement TBD D2,static required; morph only same semantic control,original master required; TEMP must retain source/license,PENDING
pi-system-expired,system,Срок истёк,D0 semantic requirement,NOT_CREATED,outline; active if stateful; filled only if justified in D2,optical sizes TBD D2; current UI baseline 22px,D2 specification; audit candidate minimum 44x44 CSS px,Срок истёк,only relevant unread/status; placement TBD D2,static required; morph only same semantic control,original master required; TEMP must retain source/license,PENDING
pi-system-permission-denied,system,Нет доступа,D0 semantic requirement,NOT_CREATED,outline; active if stateful; filled only if justified in D2,optical sizes TBD D2; current UI baseline 22px,D2 specification; audit candidate minimum 44x44 CSS px,Нет доступа,only relevant unread/status; placement TBD D2,static required; morph only same semantic control,original master required; TEMP must retain source/license,PENDING
pi-system-help,system,Помощь,D0 semantic requirement,NOT_CREATED,outline; active if stateful; filled only if justified in D2,optical sizes TBD D2; current UI baseline 22px,D2 specification; audit candidate minimum 44x44 CSS px,Помощь,only relevant unread/status; placement TBD D2,static required; morph only same semantic control,original master required; TEMP must retain source/license,PENDING
pi-future-phone,future,Аудиозвонок,B/C readiness,NOT_CREATED,outline; active if stateful; filled only if justified in D2,optical sizes TBD D2; current UI baseline 22px,D2 specification; audit candidate minimum 44x44 CSS px,Аудиозвонок,only relevant unread/status; placement TBD D2,static required; morph only same semantic control,original master required; TEMP must retain source/license,PENDING
pi-future-video-call,future,Видеозвонок,B/C readiness,NOT_CREATED,outline; active if stateful; filled only if justified in D2,optical sizes TBD D2; current UI baseline 22px,D2 specification; audit candidate minimum 44x44 CSS px,Видеозвонок,only relevant unread/status; placement TBD D2,static required; morph only same semantic control,original master required; TEMP must retain source/license,PENDING
pi-future-call-end,future,Завершить звонок,B/C readiness,NOT_CREATED,outline; active if stateful; filled only if justified in D2,optical sizes TBD D2; current UI baseline 22px,D2 specification; audit candidate minimum 44x44 CSS px,Завершить звонок,only relevant unread/status; placement TBD D2,static required; morph only same semantic control,original master required; TEMP must retain source/license,PENDING
pi-future-microphone,future,Микрофон,B/C readiness,NOT_CREATED,outline; active if stateful; filled only if justified in D2,optical sizes TBD D2; current UI baseline 22px,D2 specification; audit candidate minimum 44x44 CSS px,Микрофон,only relevant unread/status; placement TBD D2,static required; morph only same semantic control,original master required; TEMP must retain source/license,PENDING
pi-future-microphone-off,future,Микрофон выключен,B/C readiness,NOT_CREATED,outline; active if stateful; filled only if justified in D2,optical sizes TBD D2; current UI baseline 22px,D2 specification; audit candidate minimum 44x44 CSS px,Микрофон выключен,only relevant unread/status; placement TBD D2,static required; morph only same semantic control,original master required; TEMP must retain source/license,PENDING
pi-future-camera-off,future,Камера выключена,B/C readiness,NOT_CREATED,outline; active if stateful; filled only if justified in D2,optical sizes TBD D2; current UI baseline 22px,D2 specification; audit candidate minimum 44x44 CSS px,Камера выключена,only relevant unread/status; placement TBD D2,static required; morph only same semantic control,original master required; TEMP must retain source/license,PENDING
pi-future-screen-share,future,Показ экрана,B/C readiness,NOT_CREATED,outline; active if stateful; filled only if justified in D2,optical sizes TBD D2; current UI baseline 22px,D2 specification; audit candidate minimum 44x44 CSS px,Показ экрана,only relevant unread/status; placement TBD D2,static required; morph only same semantic control,original master required; TEMP must retain source/license,PENDING
pi-future-device-handoff,future,Перенос сессии,B/C readiness,NOT_CREATED,outline; active if stateful; filled only if justified in D2,optical sizes TBD D2; current UI baseline 22px,D2 specification; audit candidate minimum 44x44 CSS px,Перенос сессии,only relevant unread/status; placement TBD D2,static required; morph only same semantic control,original master required; TEMP must retain source/license,PENDING
pi-future-call-link,future,Ссылка на звонок,B/C readiness,NOT_CREATED,outline; active if stateful; filled only if justified in D2,optical sizes TBD D2; current UI baseline 22px,D2 specification; audit candidate minimum 44x44 CSS px,Ссылка на звонок,only relevant unread/status; placement TBD D2,static required; morph only same semantic control,original master required; TEMP must retain source/license,PENDING
pi-future-voice-room,future,Голосовая комната,B/C readiness,NOT_CREATED,outline; active if stateful; filled only if justified in D2,optical sizes TBD D2; current UI baseline 22px,D2 specification; audit candidate minimum 44x44 CSS px,Голосовая комната,only relevant unread/status; placement TBD D2,static required; morph only same semantic control,original master required; TEMP must retain source/license,PENDING
pi-future-live,future,Эфир,B/C readiness,NOT_CREATED,outline; active if stateful; filled only if justified in D2,optical sizes TBD D2; current UI baseline 22px,D2 specification; audit candidate minimum 44x44 CSS px,Эфир,only relevant unread/status; placement TBD D2,static required; morph only same semantic control,original master required; TEMP must retain source/license,PENDING
pi-future-speaker,future,Выступающий,B/C readiness,NOT_CREATED,outline; active if stateful; filled only if justified in D2,optical sizes TBD D2; current UI baseline 22px,D2 specification; audit candidate minimum 44x44 CSS px,Выступающий,only relevant unread/status; placement TBD D2,static required; morph only same semantic control,original master required; TEMP must retain source/license,PENDING
pi-future-audience,future,Слушатели,B/C readiness,NOT_CREATED,outline; active if stateful; filled only if justified in D2,optical sizes TBD D2; current UI baseline 22px,D2 specification; audit candidate minimum 44x44 CSS px,Слушатели,only relevant unread/status; placement TBD D2,static required; morph only same semantic control,original master required; TEMP must retain source/license,PENDING
pi-future-hand-raise,future,Поднять руку,B/C readiness,NOT_CREATED,outline; active if stateful; filled only if justified in D2,optical sizes TBD D2; current UI baseline 22px,D2 specification; audit candidate minimum 44x44 CSS px,Поднять руку,only relevant unread/status; placement TBD D2,static required; morph only same semantic control,original master required; TEMP must retain source/license,PENDING
pi-future-recording-reference,future,Запись эфира,B/C readiness,NOT_CREATED,outline; active if stateful; filled only if justified in D2,optical sizes TBD D2; current UI baseline 22px,D2 specification; audit candidate minimum 44x44 CSS px,Запись эфира,only relevant unread/status; placement TBD D2,static required; morph only same semantic control,original master required; TEMP must retain source/license,PENDING
pi-future-qr,future,QR-код,B/C readiness,NOT_CREATED,outline; active if stateful; filled only if justified in D2,optical sizes TBD D2; current UI baseline 22px,D2 specification; audit candidate minimum 44x44 CSS px,QR-код,only relevant unread/status; placement TBD D2,static required; morph only same semantic control,original master required; TEMP must retain source/license,PENDING
pi-future-business,future,Бизнес,B/C readiness,NOT_CREATED,outline; active if stateful; filled only if justified in D2,optical sizes TBD D2; current UI baseline 22px,D2 specification; audit candidate minimum 44x44 CSS px,Бизнес,only relevant unread/status; placement TBD D2,static required; morph only same semantic control,original master required; TEMP must retain source/license,PENDING
pi-future-catalog,future,Каталог,B/C readiness,NOT_CREATED,outline; active if stateful; filled only if justified in D2,optical sizes TBD D2; current UI baseline 22px,D2 specification; audit candidate minimum 44x44 CSS px,Каталог,only relevant unread/status; placement TBD D2,static required; morph only same semantic control,original master required; TEMP must retain source/license,PENDING
pi-future-product,future,Товар,B/C readiness,NOT_CREATED,outline; active if stateful; filled only if justified in D2,optical sizes TBD D2; current UI baseline 22px,D2 specification; audit candidate minimum 44x44 CSS px,Товар,only relevant unread/status; placement TBD D2,static required; morph only same semantic control,original master required; TEMP must retain source/license,PENDING
pi-future-offer,future,Предложение,B/C readiness,NOT_CREATED,outline; active if stateful; filled only if justified in D2,optical sizes TBD D2; current UI baseline 22px,D2 specification; audit candidate minimum 44x44 CSS px,Предложение,only relevant unread/status; placement TBD D2,static required; morph only same semantic control,original master required; TEMP must retain source/license,PENDING
pi-future-merchant,future,Продавец,B/C readiness,NOT_CREATED,outline; active if stateful; filled only if justified in D2,optical sizes TBD D2; current UI baseline 22px,D2 specification; audit candidate minimum 44x44 CSS px,Продавец,only relevant unread/status; placement TBD D2,static required; morph only same semantic control,original master required; TEMP must retain source/license,PENDING
pi-future-order,future,Заказ,B/C readiness,NOT_CREATED,outline; active if stateful; filled only if justified in D2,optical sizes TBD D2; current UI baseline 22px,D2 specification; audit candidate minimum 44x44 CSS px,Заказ,only relevant unread/status; placement TBD D2,static required; morph only same semantic control,original master required; TEMP must retain source/license,PENDING
pi-future-booking,future,Бронирование,B/C readiness,NOT_CREATED,outline; active if stateful; filled only if justified in D2,optical sizes TBD D2; current UI baseline 22px,D2 specification; audit candidate minimum 44x44 CSS px,Бронирование,only relevant unread/status; placement TBD D2,static required; morph only same semantic control,original master required; TEMP must retain source/license,PENDING
pi-future-checkout,future,Оформление,B/C readiness,NOT_CREATED,outline; active if stateful; filled only if justified in D2,optical sizes TBD D2; current UI baseline 22px,D2 specification; audit candidate minimum 44x44 CSS px,Оформление,only relevant unread/status; placement TBD D2,static required; morph only same semantic control,original master required; TEMP must retain source/license,PENDING
pi-future-payment,future,Оплата,B/C readiness,NOT_CREATED,outline; active if stateful; filled only if justified in D2,optical sizes TBD D2; current UI baseline 22px,D2 specification; audit candidate minimum 44x44 CSS px,Оплата,only relevant unread/status; placement TBD D2,static required; morph only same semantic control,original master required; TEMP must retain source/license,PENDING
pi-future-subscription,future,Подписка,B/C readiness,NOT_CREATED,outline; active if stateful; filled only if justified in D2,optical sizes TBD D2; current UI baseline 22px,D2 specification; audit candidate minimum 44x44 CSS px,Подписка,only relevant unread/status; placement TBD D2,static required; morph only same semantic control,original master required; TEMP must retain source/license,PENDING
pi-future-fulfilment,future,Исполнение заказа,B/C readiness,NOT_CREATED,outline; active if stateful; filled only if justified in D2,optical sizes TBD D2; current UI baseline 22px,D2 specification; audit candidate minimum 44x44 CSS px,Исполнение заказа,only relevant unread/status; placement TBD D2,static required; morph only same semantic control,original master required; TEMP must retain source/license,PENDING
pi-future-refund,future,Возврат,B/C readiness,NOT_CREATED,outline; active if stateful; filled only if justified in D2,optical sizes TBD D2; current UI baseline 22px,D2 specification; audit candidate minimum 44x44 CSS px,Возврат,only relevant unread/status; placement TBD D2,static required; morph only same semantic control,original master required; TEMP must retain source/license,PENDING
pi-future-tip,future,Благодарность,B/C readiness,NOT_CREATED,outline; active if stateful; filled only if justified in D2,optical sizes TBD D2; current UI baseline 22px,D2 specification; audit candidate minimum 44x44 CSS px,Благодарность,only relevant unread/status; placement TBD D2,static required; morph only same semantic control,original master required; TEMP must retain source/license,PENDING
pi-future-location,future,Место,B/C readiness,NOT_CREATED,outline; active if stateful; filled only if justified in D2,optical sizes TBD D2; current UI baseline 22px,D2 specification; audit candidate minimum 44x44 CSS px,Место,only relevant unread/status; placement TBD D2,static required; morph only same semantic control,original master required; TEMP must retain source/license,PENDING
pi-future-hours,future,Часы работы,B/C readiness,NOT_CREATED,outline; active if stateful; filled only if justified in D2,optical sizes TBD D2; current UI baseline 22px,D2 specification; audit candidate minimum 44x44 CSS px,Часы работы,only relevant unread/status; placement TBD D2,static required; morph only same semantic control,original master required; TEMP must retain source/license,PENDING
pi-future-supplier,future,Поставщик,B/C readiness,NOT_CREATED,outline; active if stateful; filled only if justified in D2,optical sizes TBD D2; current UI baseline 22px,D2 specification; audit candidate minimum 44x44 CSS px,Поставщик,only relevant unread/status; placement TBD D2,static required; morph only same semantic control,original master required; TEMP must retain source/license,PENDING
pi-future-compare,future,Сравнение,B/C readiness,NOT_CREATED,outline; active if stateful; filled only if justified in D2,optical sizes TBD D2; current UI baseline 22px,D2 specification; audit candidate minimum 44x44 CSS px,Сравнение,only relevant unread/status; placement TBD D2,static required; morph only same semantic control,original master required; TEMP must retain source/license,PENDING
pi-future-shortlist,future,Список выбора,B/C readiness,NOT_CREATED,outline; active if stateful; filled only if justified in D2,optical sizes TBD D2; current UI baseline 22px,D2 specification; audit candidate minimum 44x44 CSS px,Список выбора,only relevant unread/status; placement TBD D2,static required; morph only same semantic control,original master required; TEMP must retain source/license,PENDING
pi-future-sponsored,future,Реклама,B/C readiness,NOT_CREATED,outline; active if stateful; filled only if justified in D2,optical sizes TBD D2; current UI baseline 22px,D2 specification; audit candidate minimum 44x44 CSS px,Реклама,only relevant unread/status; placement TBD D2,static required; morph only same semantic control,original master required; TEMP must retain source/license,PENDING
